,Respondent_ID,E_Scale_score,A_Scale_score,O_Scale_score,C_Scale_score,N_Scale_score,Dataset
0,10446116527,2.25,3.75,3.1666666667,3.75,2.9166666667,Train
1,10440100535,4.6666666667,4.4166666667,4.5833333333,5.0,1.3333333333,Train
2,10462850071,2.25,4.75,4.0833333333,4.6666666667,2.1666666667,Train
3,10460008027,2.9166666667,4.0833333333,3.9166666667,4.9166666667,1.3333333333,Train
4,10459746373,3.75,4.75,3.6666666667,4.9166666667,1.5833333333,Train
5,10460002321,3.1666666667,3.1666666667,3.75,3.9166666667,3.0833333333,Train
6,10459689609,4.0833333333,4.1666666667,3.8333333333,4.0,2.25,Train
7,10440109643,3.75,4.0,4.1666666667,4.1666666667,1.5833333333,Train
8,10459770893,3.5833333333,4.0,3.1666666667,4.75,2.3333333333,Train
9,10446123182,3.75,4.5833333333,4.0833333333,4.9166666667,1.25,Train
10,10459709534,3.75,4.4166666667,5.0,5.0,1.0,Train
11,10440097952,4.8333333333,4.9166666667,5.0,5.0,2.1666666667,Train
12,10446123387,3.75,3.75,3.5833333333,4.0,2.0,Train
13,10459957620,3.3333333333,4.0833333333,3.9166666667,4.0833333333,1.75,Train
14,10440100847,2.8333333333,4.1666666667,3.3333333333,3.8333333333,2.25,Train
15,10459853353,3.3333333333,3.9166666667,4.3333333333,4.5833333333,1.1666666667,Train
16,10460000765,3.1666666667,4.0,3.6666666667,3.9166666667,2.75,Train
17,10440100191,2.8333333333,4.3333333333,2.1666666667,4.6666666667,2.4166666667,Train
18,10446111060,3.6666666667,3.9166666667,3.3333333333,3.9166666667,2.0833333333,Train
19,10459742010,2.3333333333,3.4166666667,2.8333333333,4.1666666667,2.25,Train
20,10440104439,3.9166666667,4.5,3.8333333333,4.9166666667,1.8333333333,Train
21,10462886492,4.25,4.3333333333,4.75,4.8333333333,1.5,Train
22,10460361372,4.4166666667,4.5,4.5833333333,4.5833333333,1.0,Train
23,10440109763,1.75,3.6666666667,3.3333333333,4.0,3.5833333333,Train
24,10446109868,4.25,5.0,4.4166666667,4.0,1.6666666667,Train
25,10440106632,3.25,3.4166666667,4.0833333333,3.75,3.5,Train
26,10446110355,2.3333333333,4.6666666667,4.0,4.25,1.9166666667,Train
27,10459671326,3.0833333333,4.25,4.25,4.9166666667,2.3333333333,Train
28,10441702436,3.5833333333,4.1666666667,4.0833333333,5.0,1.5,Train
29,10440096954,1.6666666667,4.3333333333,1.3333333333,5.0,2.3333333333,Train
30,10459784521,2.6666666667,4.0833333333,4.6666666667,3.9166666667,3.3333333333,Train
31,10462865647,3.8333333333,4.1666666667,3.5,4.8333333333,2.6666666667,Train
32,10459662670,3.4166666667,4.0,2.75,4.3333333333,2.75,Train
33,10459678584,4.6666666667,5.0,4.9166666667,5.0,1.0,Train
34,10440096988,3.3333333333,3.5833333333,3.0833333333,4.5,2.9166666667,Train
35,10440103821,4.0,3.75,2.5,4.3333333333,2.3333333333,Train
36,10460078752,3.9166666667,4.5833333333,4.5,4.4166666667,1.1666666667,Train
37,10440168504,3.25,3.4166666667,4.0,4.1666666667,3.5833333333,Train
38,10440108576,4.25,4.5,3.8333333333,4.5833333333,1.5833333333,Train
39,10462953550,4.0833333333,4.0,4.75,4.75,1.6666666667,Train
40,10463004199,4.0833333333,3.6666666667,4.0,4.75,1.6666666667,Train
41,10462935695,3.1666666667,4.5833333333,2.5833333333,4.25,1.9166666667,Train
42,10460370086,4.3333333333,4.1666666667,3.4166666667,4.9166666667,1.25,Train
43,10446135318,3.0,4.8333333333,4.75,4.9166666667,1.5833333333,Train
44,10462925861,3.75,4.9166666667,4.3333333333,4.9166666667,1.5833333333,Train
45,10462881307,4.8333333333,4.75,5.0,4.25,1.5,Train
46,10459768083,4.6666666667,4.25,4.9166666667,5.0,1.3333333333,Train
47,10449242225,2.5,4.0833333333,3.25,3.5833333333,3.9166666667,Train
48,10459671885,4.6666666667,4.6666666667,4.6666666667,5.0,1.25,Train
49,10459859615,2.8333333333,3.75,4.0833333333,4.6666666667,2.3333333333,Train
50,10460083698,3.1666666667,3.4166666667,4.25,4.25,3.0,Train
51,10459724470,2.4166666667,3.75,4.25,4.25,1.5,Train
52,10462911927,4.6666666667,4.6666666667,3.75,4.5833333333,1.3333333333,Train
53,10446130259,1.5,2.5833333333,3.6666666667,4.8333333333,4.0833333333,Train
54,10446121214,2.75,3.5833333333,3.25,3.0833333333,3.0,Train
55,10459713239,4.0,4.4166666667,4.0833333333,4.0833333333,1.0833333333,Train
56,10440103015,3.6666666667,4.4166666667,4.0833333333,4.3333333333,2.0833333333,Train
57,10459954566,3.75,4.5,4.75,4.9166666667,1.25,Train
58,10440108790,3.8333333333,4.6666666667,4.5833333333,4.9166666667,1.5833333333,Train
59,10440124163,2.25,4.6666666667,2.5,4.1666666667,1.4166666667,Train
60,10459659951,3.75,4.3333333333,3.9166666667,4.1666666667,1.75,Train
61,10462916314,2.8333333333,4.5,4.5833333333,4.4166666667,2.75,Train
62,10460091680,1.6666666667,3.5,3.5833333333,3.6666666667,3.3333333333,Train
63,10459681864,3.0833333333,4.75,3.0833333333,4.5833333333,2.0833333333,Train
64,10459719780,2.5,4.0833333333,2.4166666667,4.1666666667,3.25,Train
65,10440112889,2.9166666667,4.4166666667,3.25,4.5833333333,1.5,Train
66,10440121057,4.4166666667,5.0,3.6666666667,5.0,1.0,Train
67,10460013157,4.1666666667,4.1666666667,5.0,4.75,2.1666666667,Train
68,10459820079,2.8333333333,3.9166666667,3.4166666667,5.0,2.6666666667,Train
69,10459763786,4.5833333333,5.0,4.25,4.9166666667,1.6666666667,Train
70,10459914917,2.5833333333,3.4166666667,3.5,3.6666666667,2.6666666667,Train
71,10440122205,2.4166666667,3.9166666667,3.6666666667,3.75,2.8333333333,Train
72,10459896197,3.4166666667,4.4166666667,4.75,4.0833333333,2.3333333333,Train
73,10440123989,3.4166666667,3.5,3.1666666667,4.4166666667,2.3333333333,Train
74,10440101160,2.3333333333,3.9166666667,3.6666666667,4.6666666667,2.4166666667,Train
75,10459818126,3.0833333333,3.0833333333,3.5,3.4166666667,2.9166666667,Train
76,10460285701,3.0833333333,2.6666666667,3.25,3.3333333333,2.9166666667,Train
77,10462861104,4.8333333333,4.9166666667,3.6666666667,4.75,1.5833333333,Train
78,10459848411,4.0,4.1666666667,4.5833333333,4.8333333333,2.0833333333,Train
79,10459969397,3.1666666667,3.3333333333,3.0,3.25,2.9166666667,Train
80,10462951703,2.6666666667,4.3333333333,4.6666666667,4.1666666667,3.0,Train
81,10440171785,4.6666666667,5.0,4.8333333333,5.0,1.3333333333,Train
82,10440098085,2.9166666667,4.9166666667,3.8333333333,4.9166666667,2.75,Train
83,10440168299,4.3333333333,4.25,4.75,5.0,1.5,Train
84,10459879209,3.8333333333,4.3333333333,1.25,4.0833333333,3.1666666667,Train
85,10440105894,2.6666666667,4.0,3.6666666667,3.6666666667,2.0833333333,Train
86,10440109712,1.0833333333,2.8333333333,2.5833333333,2.6666666667,4.6666666667,Train
87,10446116309,2.25,4.0,3.25,4.75,2.9166666667,Train
88,10446109756,2.6666666667,2.5833333333,2.1666666667,3.25,2.5,Train
89,10440099876,1.5833333333,3.5833333333,2.5,3.9166666667,3.5,Train
90,10446112779,3.5833333333,4.4166666667,3.9166666667,4.6666666667,2.0,Train
91,10459657635,4.8333333333,5.0,4.3333333333,5.0,1.0,Train
92,10446154011,3.6666666667,3.9166666667,3.4166666667,3.9166666667,2.0,Train
93,10460016545,2.75,3.8333333333,3.5833333333,5.0,2.5,Train
94,10440107312,2.25,2.6666666667,3.5833333333,3.6666666667,2.0833333333,Train
95,10440108178,4.5,4.5,3.6666666667,5.0,1.4166666667,Train
96,10440128755,3.5833333333,4.75,4.3333333333,4.6666666667,1.9166666667,Train
97,10460132561,2.25,3.6666666667,4.5,4.3333333333,2.9166666667,Train
98,10440137123,3.3333333333,3.9166666667,4.8333333333,4.8333333333,2.4166666667,Train
99,10441703715,2.6666666667,4.4166666667,3.4166666667,4.5,2.75,Train
100,10446109748,2.8333333333,4.5,3.5833333333,4.3333333333,2.0,Train
101,10446131461,3.6666666667,4.0833333333,4.3333333333,4.4166666667,1.5,Train
102,10462994599,4.4166666667,4.6666666667,3.3333333333,5.0,1.4166666667,Train
103,10460386321,4.0833333333,4.9166666667,4.3333333333,4.9166666667,1.0833333333,Train
104,10460091209,2.25,4.25,3.9166666667,3.6666666667,3.8333333333,Train
105,10462907508,4.0833333333,3.5833333333,4.4166666667,3.9166666667,3.0833333333,Train
106,10460418405,4.0833333333,3.8333333333,3.75,3.6666666667,2.0833333333,Train
107,10440110999,4.25,4.0833333333,3.5,4.4166666667,1.3333333333,Train
108,10459914700,4.0833333333,4.75,4.25,4.5,1.3333333333,Train
109,10459922592,3.1666666667,4.0,4.0833333333,4.5833333333,1.6666666667,Train
110,10440157525,1.0833333333,3.3333333333,3.3333333333,3.0833333333,4.1666666667,Train
111,10440140857,4.5833333333,4.9166666667,4.5833333333,4.75,1.4166666667,Train
112,10440108943,3.9166666667,4.1666666667,4.4166666667,4.5833333333,3.25,Train
113,10459715654,4.1666666667,4.25,4.1666666667,4.75,1.8333333333,Train
114,10462856384,2.8333333333,4.3333333333,2.6666666667,4.1666666667,2.75,Train
115,10459961569,3.9166666667,4.3333333333,4.4166666667,5.0,2.0833333333,Train
116,10459765781,4.8333333333,4.25,4.5,5.0,1.0,Train
117,10440150716,3.5,4.25,3.9166666667,4.8333333333,2.0833333333,Train
118,10446109402,4.5833333333,4.0,4.6666666667,4.3333333333,1.0,Train
119,10440102191,2.5,2.6666666667,3.3333333333,4.5833333333,2.6666666667,Train
120,10440140486,4.1666666667,5.0,5.0,5.0,1.0833333333,Train
121,10459925926,4.0833333333,4.3333333333,4.5,4.9166666667,1.75,Train
122,10459710057,2.9166666667,3.4166666667,3.3333333333,5.0,2.25,Train
123,10459736212,3.3333333333,4.1666666667,3.75,4.5,1.4166666667,Train
124,10440096837,3.25,3.5,3.5,3.75,2.0,Train
125,10459744721,3.75,4.6666666667,4.0,5.0,1.0833333333,Train
126,10459838476,3.3333333333,3.0,3.75,4.8333333333,3.0833333333,Train
127,10459701763,4.75,4.9166666667,5.0,4.4166666667,1.4166666667,Train
128,10460349665,4.0833333333,4.4166666667,4.6666666667,4.5833333333,1.5833333333,Train
129,10459688341,3.8333333333,4.1666666667,3.5,4.0833333333,1.8333333333,Train
130,10440129498,4.5833333333,5.0,4.5833333333,4.6666666667,1.3333333333,Train
131,10440164140,3.75,2.9166666667,2.9166666667,3.1666666667,2.8333333333,Train
132,10440104401,4.5833333333,5.0,4.1666666667,4.5,1.4166666667,Train
133,10440107625,4.6666666667,4.9166666667,4.0,5.0,1.0,Train
134,10460322131,2.5,3.6666666667,3.6666666667,4.75,3.0833333333,Train
135,10459790403,4.1666666667,4.3333333333,4.0833333333,4.9166666667,1.1666666667,Train
136,10440113136,3.75,3.8333333333,3.3333333333,4.25,2.3333333333,Train
137,10462979728,3.5,4.5,4.6666666667,4.0833333333,1.1666666667,Train
138,10459881400,1.5833333333,4.9166666667,3.1666666667,3.8333333333,2.4166666667,Train
139,10440119029,3.4166666667,3.8333333333,2.9166666667,3.6666666667,2.5833333333,Train
140,10462893364,4.25,4.1666666667,4.9166666667,4.9166666667,1.1666666667,Train
141,10460214079,4.9166666667,4.5,5.0,5.0,1.5833333333,Train
142,10459689048,5.0,5.0,5.0,5.0,1.0,Train
143,10459683809,4.5,4.4166666667,4.75,4.6666666667,1.9166666667,Train
144,10462881228,4.75,4.6666666667,5.0,5.0,1.0,Train
145,10440141708,4.3333333333,5.0,4.75,5.0,1.3333333333,Train
146,10459746872,2.1666666667,4.1666666667,2.9166666667,3.0833333333,3.5,Train
147,10440108350,3.0,3.9166666667,2.4166666667,4.5833333333,2.0833333333,Train
148,10462939490,2.25,2.6666666667,3.0833333333,4.0833333333,2.0833333333,Train
149,10459778421,4.1666666667,3.8333333333,4.25,4.0833333333,2.5,Train
150,10459909623,2.0,4.25,4.25,3.6666666667,2.4166666667,Train
151,10452573701,3.0833333333,4.5,3.9166666667,3.5833333333,2.0,Train
152,10440116720,3.6666666667,3.25,4.1666666667,5.0,2.1666666667,Train
153,10462947920,4.3333333333,4.6666666667,4.6666666667,5.0,1.0833333333,Train
154,10460383117,3.0833333333,4.1666666667,3.6666666667,4.0833333333,2.0,Train
155,10462842918,3.5833333333,4.1666666667,3.25,3.6666666667,3.0833333333,Train
156,10459718031,2.6666666667,4.0,2.8333333333,4.0,1.8333333333,Train
157,10440101009,4.0833333333,4.9166666667,3.0,5.0,1.0,Train
158,10459684792,4.6666666667,4.9166666667,4.25,4.9166666667,1.0833333333,Train
159,10459940576,3.5833333333,4.0,3.9166666667,3.75,3.3333333333,Train
160,10440175225,4.0,4.6666666667,4.3333333333,5.0,1.1666666667,Train
161,10446120445,3.5833333333,4.9166666667,4.25,4.8333333333,1.25,Train
162,10459680211,5.0,4.75,5.0,5.0,1.0833333333,Train
163,10459660038,2.1666666667,3.6666666667,3.8333333333,3.6666666667,2.8333333333,Train
164,10459762368,2.5833333333,4.5,3.6666666667,3.8333333333,2.8333333333,Train
165,10459787901,2.4166666667,4.5,2.75,4.9166666667,1.25,Train
166,10440169493,3.8333333333,3.3333333333,3.75,5.0,1.25,Train
167,10459749663,4.0833333333,4.3333333333,4.25,5.0,1.0833333333,Train
168,10459738751,2.9166666667,4.1666666667,4.0833333333,5.0,2.6666666667,Train
169,10440098267,2.0,4.4166666667,4.1666666667,5.0,1.0,Train
170,10459721638,2.8333333333,4.6666666667,5.0,4.3333333333,1.0,Train
171,10459689306,2.8333333333,3.9166666667,3.8333333333,3.75,2.4166666667,Train
172,10460073263,4.1666666667,4.4166666667,4.9166666667,5.0,1.5833333333,Train
173,10460017636,3.3333333333,3.75,4.1666666667,4.75,2.9166666667,Train
174,10459656674,1.5,4.1666666667,4.75,4.1666666667,4.1666666667,Train
175,10459692416,4.0833333333,4.5833333333,4.6666666667,4.25,1.5833333333,Train
176,10446111349,4.1666666667,4.0,3.25,5.0,1.0833333333,Train
177,10459722625,3.25,4.1666666667,3.5833333333,4.9166666667,1.8333333333,Train
178,10459707689,3.4166666667,3.6666666667,3.5,3.8333333333,2.25,Train
179,10459994431,2.8333333333,4.0,3.3333333333,4.3333333333,1.9166666667,Train
180,10440098643,4.4166666667,4.1666666667,3.8333333333,4.5833333333,1.5,Train
181,10440107835,3.0,4.0,3.4166666667,4.5,1.5833333333,Train
182,10459825177,3.75,4.5,4.5833333333,3.75,2.8333333333,Train
183,10440106468,2.25,3.3333333333,4.3333333333,4.3333333333,3.25,Train
184,10459788904,2.6666666667,3.8333333333,1.8333333333,2.1666666667,2.75,Train
185,10459685475,3.0833333333,4.5,3.3333333333,4.0,1.5833333333,Train
186,10459808037,3.5,4.5833333333,5.0,4.6666666667,3.75,Train
187,10459909826,4.25,4.5,3.5,5.0,1.9166666667,Train
188,10459991228,3.5,4.1666666667,3.5,3.4166666667,2.5833333333,Train
189,10459822997,3.5833333333,4.5833333333,4.6666666667,3.8333333333,2.9166666667,Train
190,10440109993,4.5,5.0,4.9166666667,5.0,1.3333333333,Train
191,10462857104,4.0,4.9166666667,4.0,4.8333333333,1.9166666667,Train
192,10462840468,4.9166666667,4.75,4.9166666667,5.0,1.0,Train
193,10451069689,3.3333333333,4.8333333333,4.25,4.8333333333,1.3333333333,Train
194,10459802475,2.4166666667,3.8333333333,3.25,3.6666666667,2.9166666667,Train
195,10442625595,3.25,4.25,4.9166666667,5.0,2.5,Train
196,10459705497,4.4166666667,4.8333333333,4.1666666667,4.9166666667,1.3333333333,Train
197,10459781446,4.5833333333,4.25,4.4166666667,5.0,1.1666666667,Train
198,10441704936,4.75,4.8333333333,5.0,5.0,1.3333333333,Train
199,10459876394,4.0833333333,3.0,3.6666666667,4.75,2.75,Train
200,10460021580,4.6666666667,4.1666666667,4.6666666667,4.75,1.5,Train
201,10460146856,4.3333333333,4.25,3.8333333333,5.0,1.3333333333,Train
202,10440106680,3.25,4.8333333333,4.1666666667,4.3333333333,1.0,Train
203,10460010530,3.5,3.4166666667,3.4166666667,4.0,2.9166666667,Train
204,10459692525,2.4166666667,4.0,3.5,3.6666666667,2.8333333333,Train
205,10440167580,2.6666666667,4.6666666667,4.8333333333,3.6666666667,4.0833333333,Train
206,10460210472,3.8333333333,3.8333333333,3.9166666667,4.5833333333,1.6666666667,Train
207,10440106603,4.75,4.3333333333,4.0,5.0,1.5,Train
208,10440104407,3.0833333333,3.5,3.25,4.5833333333,1.5,Train
209,10459872118,4.0833333333,4.75,4.3333333333,5.0,1.9166666667,Train
210,10459897795,2.3333333333,4.5833333333,2.9166666667,4.5833333333,2.0,Train
211,10460021036,3.3333333333,4.8333333333,4.5,4.5,2.1666666667,Train
212,10459812229,3.0833333333,4.0833333333,3.8333333333,4.25,3.1666666667,Train
213,10459952561,3.5,4.6666666667,3.5833333333,4.75,1.8333333333,Train
214,10460072016,2.75,3.5,3.5833333333,5.0,1.5,Train
215,10459868705,3.4166666667,3.5,4.25,3.9166666667,2.5833333333,Train
216,10459700047,2.75,4.1666666667,3.3333333333,3.8333333333,1.75,Train
217,10462919693,3.4166666667,4.1666666667,3.9166666667,5.0,2.25,Train
218,10440130983,4.1666666667,4.8333333333,4.25,4.5833333333,1.1666666667,Train
219,10459680891,3.4166666667,4.3333333333,4.5,5.0,1.0,Train
220,10446111893,1.4166666667,4.3333333333,4.5833333333,3.0,2.4166666667,Train
221,10446121188,4.5833333333,4.0833333333,3.8333333333,4.0833333333,2.0833333333,Train
222,10440104711,2.75,4.25,3.3333333333,4.0833333333,2.4166666667,Train
223,10459760972,4.0833333333,4.3333333333,4.25,5.0,1.6666666667,Train
224,10440099152,3.1666666667,4.1666666667,3.9166666667,4.6666666667,1.9166666667,Train
225,10459713929,3.5833333333,2.75,3.25,3.8333333333,3.1666666667,Train
226,10440136422,3.8333333333,4.75,4.8333333333,5.0,1.3333333333,Train
227,10460209276,2.6666666667,3.5,3.25,4.1666666667,2.8333333333,Train
228,10459900758,3.3333333333,4.75,4.1666666667,5.0,1.3333333333,Train
229,10459719056,3.8333333333,4.4166666667,4.25,4.1666666667,2.25,Train
230,10440111055,3.4166666667,4.8333333333,4.6666666667,5.0,2.1666666667,Train
231,10459660403,4.5,4.1666666667,4.6666666667,4.8333333333,2.4166666667,Train
232,10440155874,3.1666666667,2.8333333333,3.0833333333,2.75,2.9166666667,Train
233,10440102367,4.25,4.5833333333,4.3333333333,5.0,2.1666666667,Train
234,10446110532,2.75,3.0833333333,2.9166666667,3.5,3.0,Train
235,10462887761,3.4166666667,5.0,4.8333333333,5.0,1.0,Train
236,10442487276,2.8333333333,4.3333333333,3.75,2.9166666667,2.1666666667,Train
237,10459817821,4.0833333333,4.6666666667,3.8333333333,4.8333333333,1.8333333333,Train
238,10459741156,4.3333333333,4.25,4.75,4.8333333333,1.25,Train
239,10440104204,5.0,5.0,4.5833333333,5.0,1.6666666667,Train
240,10446112153,4.0833333333,4.5833333333,3.8333333333,4.3333333333,1.8333333333,Train
241,10459790041,4.0,4.0,4.0,4.0,2.0,Train
242,10459665225,3.25,5.0,2.5833333333,5.0,1.0,Train
243,10441703436,3.0833333333,4.8333333333,4.1666666667,4.75,1.5833333333,Train
244,10460005806,3.5,4.4166666667,4.1666666667,4.4166666667,2.0,Train
245,10459699425,4.5833333333,5.0,4.0,5.0,1.0833333333,Train
246,10459770196,3.5,4.25,4.75,4.9166666667,2.75,Train
247,10459929729,3.4166666667,4.0,3.9166666667,4.6666666667,2.6666666667,Train
248,10459932907,4.5833333333,4.5,3.6666666667,4.4166666667,1.0,Train
249,10460102294,3.1666666667,3.8333333333,3.0833333333,3.5833333333,2.75,Train
250,10459976159,4.0,3.9166666667,4.3333333333,4.1666666667,3.3333333333,Train
251,10462932068,3.1666666667,4.25,3.0833333333,4.0833333333,2.6666666667,Train
252,10449603920,2.8333333333,3.1666666667,3.75,3.75,3.75,Train
253,10462973689,3.5833333333,4.3333333333,4.6666666667,4.8333333333,1.75,Train
254,10440147509,3.5833333333,3.8333333333,3.25,4.3333333333,1.9166666667,Train
255,10440115869,3.0,3.6666666667,4.0,5.0,2.5833333333,Train
256,10459962852,2.4166666667,3.9166666667,3.5,4.0833333333,2.25,Train
257,10440097486,2.8333333333,4.0833333333,3.5833333333,4.1666666667,1.9166666667,Train
258,10459953590,3.8333333333,4.25,3.5,4.5,1.1666666667,Train
259,10459831245,2.0,4.3333333333,3.4166666667,4.0833333333,1.1666666667,Train
260,10459776712,4.1666666667,4.75,4.5833333333,5.0,1.0,Train
261,10459756822,2.6666666667,4.0833333333,4.1666666667,3.9166666667,2.5833333333,Train
262,10440118820,4.0,4.9166666667,4.3333333333,4.9166666667,1.25,Train
263,10462860705,3.4166666667,4.3333333333,4.3333333333,4.6666666667,1.6666666667,Train
264,10440103518,3.0,3.8333333333,3.5,4.3333333333,1.9166666667,Train
265,10462890806,3.5,4.1666666667,3.3333333333,4.8333333333,1.5,Train
266,10460047803,3.25,3.8333333333,3.4166666667,3.9166666667,2.5833333333,Train
267,10446160293,3.6666666667,3.0,3.3333333333,5.0,1.3333333333,Train
268,10459906384,3.3333333333,3.25,3.8333333333,4.0,2.75,Train
269,10460258358,2.25,3.8333333333,3.5,3.1666666667,3.6666666667,Train
270,10460116543,3.75,3.8333333333,3.8333333333,4.5,3.0,Train
271,10460407562,4.4166666667,4.6666666667,4.5833333333,5.0,1.9166666667,Train
272,10440106264,2.75,3.6666666667,3.75,3.4166666667,2.5,Train
273,10460015626,3.1666666667,4.25,4.1666666667,4.3333333333,2.4166666667,Train
274,10459713545,3.5,3.1666666667,3.0833333333,4.0,3.25,Train
275,10459686746,3.0833333333,3.4166666667,2.4166666667,4.3333333333,2.0833333333,Train
276,10440103768,3.8333333333,4.75,4.75,4.9166666667,1.8333333333,Train
277,10462850401,3.0833333333,4.0833333333,3.0,4.25,1.8333333333,Train
278,10460038836,4.0833333333,3.75,3.6666666667,4.5833333333,2.1666666667,Train
279,10460194101,3.5833333333,3.0833333333,3.9166666667,4.0833333333,3.25,Train
280,10459812178,3.5,3.1666666667,3.0833333333,3.0833333333,3.0,Train
281,10459840978,2.5,4.5833333333,4.1666666667,4.8333333333,1.8333333333,Train
282,10459764166,1.75,4.75,3.4166666667,5.0,2.8333333333,Train
283,10446228119,3.1666666667,4.6666666667,2.5833333333,4.3333333333,1.25,Train
284,10462838940,3.1666666667,3.75,3.4166666667,4.0833333333,2.25,Train
285,10459912421,3.75,4.1666666667,3.0833333333,4.3333333333,4.0,Train
286,10440114405,4.25,3.3333333333,4.6666666667,4.25,2.6666666667,Train
287,10446109752,4.4166666667,4.0,3.4166666667,4.9166666667,2.3333333333,Train
288,10440101520,3.0833333333,3.5833333333,2.75,4.5833333333,2.0,Train
289,10446134951,3.5833333333,4.0833333333,4.4166666667,4.3333333333,2.0833333333,Train
290,10459722248,3.3333333333,3.3333333333,3.8333333333,3.1666666667,4.0,Train
291,10460079150,3.9166666667,3.75,2.8333333333,4.4166666667,1.6666666667,Train
292,10446130645,4.8333333333,4.9166666667,3.5,5.0,1.5833333333,Train
293,10440105968,3.4166666667,4.4166666667,2.3333333333,5.0,1.5833333333,Train
294,10440173753,3.3333333333,3.0833333333,3.4166666667,4.25,2.5,Train
295,10459840697,3.5833333333,4.4166666667,3.6666666667,5.0,1.5,Train
296,10459960507,3.9166666667,4.8333333333,4.5833333333,5.0,1.0,Train
297,10440101760,4.9166666667,4.6666666667,5.0,4.75,1.0,Train
298,10440096763,3.8333333333,5.0,4.75,3.6666666667,3.1666666667,Train
299,10459656726,1.5833333333,3.8333333333,3.0833333333,3.75,3.4166666667,Train
300,10440099516,3.0,3.75,4.0,4.0,2.0,Train
301,10462850239,3.5,3.8333333333,4.0,4.6666666667,2.3333333333,Train
302,10440097766,2.9166666667,4.5,4.75,4.6666666667,3.25,Train
303,10459780891,3.8333333333,4.8333333333,4.8333333333,5.0,1.25,Train
304,10459854483,3.6666666667,4.5833333333,3.6666666667,4.75,1.4166666667,Train
305,10460438637,2.5,4.0833333333,3.0,4.1666666667,2.4166666667,Train
306,10460099088,3.6666666667,4.9166666667,2.6666666667,5.0,1.1666666667,Train
307,10440097429,2.25,4.1666666667,3.6666666667,3.25,4.0,Train
308,10440101045,4.0833333333,3.8333333333,4.0833333333,4.0833333333,1.75,Train
309,10459658936,2.9166666667,3.0833333333,3.3333333333,4.9166666667,2.6666666667,Train
310,10462936532,3.0833333333,4.1666666667,3.3333333333,3.5833333333,2.5833333333,Train
311,10459660220,4.0,4.9166666667,4.4166666667,4.6666666667,1.3333333333,Train
312,10459989332,3.5833333333,4.6666666667,3.8333333333,4.25,1.6666666667,Train
313,10459654691,2.8333333333,3.4166666667,2.9166666667,4.5,1.5833333333,Train
314,10440105181,3.9166666667,3.6666666667,3.4166666667,3.0833333333,2.6666666667,Train
315,10446185131,4.75,4.8333333333,4.0833333333,4.9166666667,1.0833333333,Train
316,10460008993,4.0,4.1666666667,4.0833333333,4.3333333333,1.5,Train
317,10460003180,2.9166666667,3.1666666667,4.3333333333,4.4166666667,2.4166666667,Train
318,10459667211,3.6666666667,4.5,4.3333333333,4.75,1.8333333333,Train
319,10459685428,2.1666666667,4.25,3.75,5.0,1.0,Train
320,10459774254,4.1666666667,4.25,4.25,5.0,1.25,Train
321,10446127294,4.3333333333,4.6666666667,4.4166666667,4.8333333333,2.0833333333,Train
322,10440110114,4.0,3.75,4.8333333333,4.9166666667,1.4166666667,Train
323,10440102201,3.0833333333,3.8333333333,2.9166666667,5.0,2.75,Train
324,10459752204,4.3333333333,3.75,4.0833333333,4.9166666667,2.0,Train
325,10440152065,4.0,3.75,4.1666666667,4.4166666667,2.0,Train
326,10462896257,2.0,4.5833333333,3.5833333333,4.6666666667,1.25,Train
327,10440100777,3.75,4.9166666667,4.25,5.0,1.3333333333,Train
328,10446111079,4.25,4.9166666667,4.8333333333,4.75,1.3333333333,Train
329,10446111004,4.5833333333,4.75,4.5833333333,4.9166666667,1.3333333333,Train
330,10459659781,4.0,4.8333333333,4.6666666667,5.0,1.3333333333,Train
331,10440097338,4.3333333333,4.1666666667,3.9166666667,4.5,1.4166666667,Train
332,10442507295,4.0833333333,4.5,4.6666666667,5.0,1.25,Train
333,10459725224,4.0833333333,5.0,4.9166666667,5.0,1.3333333333,Train
334,10446150443,4.0833333333,5.0,3.75,4.6666666667,2.25,Train
335,10459854399,4.0,4.3333333333,3.5833333333,4.5,2.4166666667,Train
336,10441703093,3.9166666667,3.4166666667,3.25,4.1666666667,2.0833333333,Train
337,10459832583,3.9166666667,5.0,4.4166666667,4.6666666667,1.0,Train
338,10459988554,3.0,4.1666666667,3.8333333333,4.1666666667,2.8333333333,Train
339,10446112102,4.1666666667,5.0,4.75,5.0,1.9166666667,Train
340,10440110472,3.5,3.8333333333,3.5,4.4166666667,2.5833333333,Train
341,10460066438,3.0833333333,3.4166666667,3.5,3.6666666667,2.6666666667,Train
342,10459907043,3.3333333333,4.25,4.1666666667,3.25,3.0833333333,Train
343,10459814549,2.25,4.3333333333,3.6666666667,4.5,2.0,Train
344,10459691318,3.6666666667,3.75,3.1666666667,5.0,1.9166666667,Train
345,10440100695,3.5,2.8333333333,3.75,3.5,3.25,Train
346,10460140113,3.8333333333,3.8333333333,3.75,5.0,2.8333333333,Train
347,10459930736,3.5,4.0,3.9166666667,4.0,2.0,Train
348,10460133981,4.3333333333,4.5833333333,4.5833333333,4.8333333333,1.0,Train
349,10440164065,4.4166666667,4.75,5.0,4.6666666667,1.5833333333,Train
350,10459678259,3.8333333333,3.75,3.75,4.6666666667,1.6666666667,Train
351,10440106577,4.25,3.3333333333,4.75,5.0,2.3333333333,Train
352,10440129223,3.0833333333,4.1666666667,2.5833333333,4.25,2.5833333333,Train
353,10446109359,2.6666666667,3.1666666667,3.1666666667,3.1666666667,3.0833333333,Train
354,10459745356,3.0,3.5,3.1666666667,4.6666666667,3.0,Train
355,10440107146,3.8333333333,4.0833333333,4.6666666667,4.8333333333,1.8333333333,Train
356,10460086412,2.4166666667,3.8333333333,3.5833333333,4.0,3.5,Train
357,10459711664,4.0,4.1666666667,4.9166666667,4.1666666667,1.8333333333,Train
358,10446172893,3.0833333333,4.5,3.1666666667,4.6666666667,1.1666666667,Train
359,10462944600,2.6666666667,4.1666666667,3.25,4.8333333333,2.3333333333,Train
360,10462841016,4.1666666667,3.5833333333,4.1666666667,3.6666666667,2.75,Train
361,10459679016,1.75,2.4166666667,3.3333333333,2.5,4.0833333333,Train
362,10462952981,3.6666666667,4.0833333333,4.0833333333,4.5833333333,1.5833333333,Train
363,10459971375,4.0833333333,3.75,4.0833333333,4.0833333333,2.1666666667,Train
364,10459911363,4.75,4.3333333333,4.9166666667,5.0,1.6666666667,Train
365,10459751013,4.5,3.75,3.6666666667,4.8333333333,2.0,Train
366,10462837516,3.3333333333,4.0,3.1666666667,5.0,1.0833333333,Train
367,10440097877,4.25,4.75,5.0,4.75,1.5,Train
368,10460073894,2.5833333333,4.5,3.8333333333,4.5833333333,1.75,Train
369,10459666660,2.9166666667,4.1666666667,3.4166666667,4.0833333333,2.0,Train
370,10459751520,2.5,5.0,4.3333333333,4.9166666667,1.1666666667,Train
371,10459718178,3.9166666667,4.5833333333,4.8333333333,4.25,2.4166666667,Train
372,10462859503,2.75,3.75,4.0833333333,4.4166666667,3.1666666667,Train
373,10432576231,2.0833333333,3.4166666667,3.3333333333,3.5833333333,3.75,Train
374,10462837194,4.1666666667,4.8333333333,3.75,4.8333333333,1.5,Train
375,10459964345,3.4166666667,3.9166666667,3.5,3.9166666667,2.3333333333,Train
376,10462994564,3.6666666667,4.6666666667,4.3333333333,4.5,2.1666666667,Train
377,10459782339,2.3333333333,4.1666666667,4.0833333333,4.1666666667,1.9166666667,Train
378,10460035200,2.75,3.5,3.3333333333,3.3333333333,2.8333333333,Train
379,10440164394,3.75,4.5833333333,4.3333333333,4.5,1.4166666667,Train
380,10459712461,3.25,3.6666666667,3.5,3.8333333333,2.6666666667,Train
381,10459691851,2.9166666667,3.3333333333,3.0833333333,3.1666666667,2.9166666667,Train
382,10440114863,4.75,4.8333333333,4.5833333333,5.0,1.0,Train
383,10459837715,3.8333333333,4.5,4.6666666667,5.0,1.6666666667,Train
384,10459686764,5.0,5.0,5.0,5.0,1.0,Train
385,10440108101,3.4166666667,4.6666666667,3.4166666667,4.75,1.6666666667,Train
386,10440113069,3.5833333333,4.5833333333,4.0833333333,4.6666666667,1.8333333333,Train
387,10459823519,3.6666666667,4.3333333333,4.5833333333,4.6666666667,2.8333333333,Train
388,10459776862,2.75,4.6666666667,3.5,4.3333333333,3.0,Train
389,10440109806,4.4166666667,5.0,4.75,5.0,1.3333333333,Train
390,10462903567,3.6666666667,4.5833333333,4.5833333333,4.3333333333,2.3333333333,Train
391,10446185806,3.5,4.0833333333,4.0833333333,4.3333333333,2.25,Train
392,10459681178,3.0833333333,3.3333333333,3.1666666667,3.0833333333,2.4166666667,Train
393,10459694919,3.1666666667,4.4166666667,4.1666666667,4.3333333333,3.0,Train
394,10460422212,1.5,2.8333333333,4.3333333333,3.9166666667,4.0,Train
395,10446149021,4.6666666667,4.75,4.5833333333,5.0,1.25,Train
396,10440100200,3.3333333333,4.5833333333,4.25,4.75,1.3333333333,Train
397,10459728658,4.0,4.5833333333,4.4166666667,4.3333333333,1.3333333333,Train
398,10440153356,4.5,4.4166666667,4.5833333333,4.3333333333,1.3333333333,Train
399,10446119011,4.0833333333,4.75,3.8333333333,4.4166666667,1.5,Train
400,10440096794,2.8333333333,4.3333333333,4.1666666667,4.25,2.6666666667,Train
401,10460017356,2.3333333333,3.4166666667,3.25,3.75,3.6666666667,Train
402,10440099055,3.75,5.0,4.6666666667,4.9166666667,2.0,Train
403,10462899463,1.3333333333,2.1666666667,2.9166666667,2.5,2.6666666667,Train
404,10459654175,4.5,4.75,4.0833333333,4.8333333333,1.1666666667,Train
405,10459751072,3.1666666667,4.6666666667,3.3333333333,4.0,1.5,Train
406,10459733692,3.4166666667,4.4166666667,4.8333333333,4.8333333333,1.75,Train
407,10440148410,1.9166666667,2.5,3.25,2.4166666667,4.1666666667,Train
408,10446109239,3.6666666667,2.3333333333,4.1666666667,4.0,2.75,Train
409,10462874838,3.0833333333,3.5833333333,3.5,3.5,2.6666666667,Train
410,10459798672,1.8333333333,3.9166666667,4.5833333333,3.8333333333,3.25,Train
411,10460060411,3.9166666667,4.5833333333,4.8333333333,4.9166666667,2.3333333333,Train
412,10459814492,4.25,4.9166666667,5.0,4.9166666667,1.8333333333,Train
413,10459774948,3.6666666667,4.8333333333,3.6666666667,4.9166666667,1.6666666667,Train
414,10462889637,4.0,3.5833333333,4.4166666667,5.0,1.5,Train
415,10459654632,2.1666666667,4.1666666667,3.5,3.8333333333,2.0,Train
416,10440111054,3.3333333333,4.5,5.0,4.5833333333,2.0833333333,Train
417,10440099297,3.5,4.5,4.3333333333,4.5,1.6666666667,Train
418,10459974360,4.6666666667,4.6666666667,4.5833333333,4.9166666667,1.4166666667,Train
419,10460383811,3.1666666667,4.9166666667,3.6666666667,4.8333333333,1.8333333333,Train
420,10460273852,3.4166666667,4.6666666667,3.9166666667,4.9166666667,1.0,Train
421,10459897707,3.1666666667,3.25,3.25,3.8333333333,2.5,Train
422,10459686278,4.6666666667,4.3333333333,4.3333333333,5.0,1.3333333333,Train
423,10459781479,2.75,3.9166666667,3.9166666667,3.75,1.75,Train
424,10459906738,3.0833333333,3.6666666667,3.4166666667,4.0833333333,3.1666666667,Train
425,10440111965,3.0833333333,3.6666666667,4.8333333333,4.1666666667,3.8333333333,Train
426,10459740620,3.5,4.5833333333,3.0833333333,4.9166666667,1.0,Train
427,10440097904,3.25,3.9166666667,3.5,4.4166666667,2.0,Train
428,10440127079,4.4166666667,4.75,4.0833333333,5.0,1.0,Train
429,10440100607,3.5833333333,3.5833333333,4.1666666667,3.8333333333,2.5,Train
430,10440143246,3.25,3.25,4.1666666667,4.75,1.75,Train
431,10459900928,3.6666666667,3.5833333333,4.0,3.4166666667,2.0833333333,Train
432,10459694068,3.5833333333,4.5,4.0833333333,4.25,1.3333333333,Train
433,10441703265,4.1666666667,3.9166666667,3.75,4.8333333333,1.5833333333,Train
434,10459801208,2.25,3.0,2.9166666667,4.4166666667,3.1666666667,Train
435,10459685134,3.1666666667,4.3333333333,3.1666666667,5.0,1.4166666667,Train
436,10462846059,2.5833333333,3.8333333333,3.5,4.9166666667,2.25,Train
437,10462944644,4.5,4.5,4.5,4.0,2.5,Train
438,10446114325,3.8333333333,4.5833333333,4.0,4.0833333333,1.5833333333,Train
439,10459732235,3.3333333333,3.5833333333,4.3333333333,2.5833333333,3.25,Train
440,10459854352,3.1666666667,4.5833333333,3.5833333333,5.0,1.6666666667,Train
441,10446147539,3.25,4.0,3.6666666667,3.9166666667,2.1666666667,Train
442,10459717621,2.0833333333,2.3333333333,2.0833333333,2.0,4.5833333333,Train
443,10459772419,3.3333333333,4.0,2.8333333333,3.8333333333,2.0,Train
444,10440100497,1.75,4.4166666667,4.75,4.6666666667,3.0,Train
445,10462867881,4.0,4.1666666667,2.8333333333,5.0,1.25,Train
446,10460003457,3.6666666667,4.3333333333,3.9166666667,4.8333333333,2.0833333333,Train
447,10446111652,4.1666666667,4.5833333333,4.25,4.6666666667,1.5,Train
448,10459787112,3.0,3.4166666667,3.6666666667,3.75,2.6666666667,Train
449,10460042265,2.0,3.0,3.5833333333,4.0,3.25,Train
450,10440099760,3.0833333333,3.9166666667,4.0833333333,3.8333333333,2.8333333333,Train
451,10440106441,2.6666666667,4.9166666667,4.5833333333,4.5833333333,1.4166666667,Train
452,10430310916,1.25,4.5,3.5,4.5833333333,2.0,Train
453,10459784523,4.0833333333,4.5,3.75,4.8333333333,2.1666666667,Train
454,10459911841,1.25,3.3333333333,2.5833333333,2.6666666667,4.3333333333,Train
455,10460000595,3.6666666667,4.1666666667,4.0833333333,4.8333333333,2.5,Train
456,10460097092,3.5,3.8333333333,3.75,4.4166666667,2.5,Train
457,10460202423,3.25,4.0833333333,4.8333333333,4.0833333333,1.5833333333,Train
458,10440116278,4.0833333333,4.75,4.8333333333,4.75,1.25,Train
459,10459899401,4.0833333333,4.4166666667,4.5833333333,5.0,2.0,Train
460,10459720125,3.6666666667,4.25,4.0833333333,4.4166666667,2.5,Train
461,10459743582,2.25,3.75,3.5,4.8333333333,2.4166666667,Train
462,10462847053,3.3333333333,4.5,4.1666666667,4.5833333333,2.6666666667,Train
463,10462905776,3.25,4.25,4.3333333333,4.8333333333,3.0,Train
464,10459659674,3.9166666667,4.4166666667,3.3333333333,4.6666666667,1.4166666667,Train
465,10446110041,4.75,4.0,3.1666666667,4.9166666667,1.5,Train
466,10459786474,2.9166666667,4.5833333333,3.8333333333,4.0833333333,2.1666666667,Train
467,10440103729,4.8333333333,4.6666666667,4.4166666667,4.9166666667,1.1666666667,Train
468,10460026927,3.9166666667,4.25,2.8333333333,4.5833333333,1.6666666667,Train
469,10459668967,4.75,5.0,4.9166666667,5.0,1.0,Train
470,10459699345,4.4166666667,4.8333333333,3.5833333333,5.0,1.25,Train
471,10459942927,3.3333333333,2.75,3.4166666667,4.1666666667,2.6666666667,Train
472,10440097410,2.5,4.5833333333,3.6666666667,4.4166666667,2.1666666667,Train
473,10459883607,4.3333333333,4.8333333333,4.4166666667,5.0,1.1666666667,Train
474,10459825555,4.4166666667,4.6666666667,3.25,4.25,1.3333333333,Train
475,10459798294,3.0833333333,4.6666666667,3.8333333333,4.5833333333,2.0833333333,Train
476,10446111182,3.3333333333,4.5833333333,3.5833333333,4.25,1.5833333333,Train
477,10440106142,3.0,4.5833333333,3.6666666667,4.5833333333,2.1666666667,Train
478,10459927987,2.5833333333,4.5833333333,3.6666666667,4.0833333333,2.0833333333,Train
479,10459655689,3.6666666667,3.4166666667,3.8333333333,4.8333333333,2.25,Train
480,10440102927,3.25,3.8333333333,3.6666666667,4.5833333333,1.25,Train
481,10446110805,3.5833333333,4.4166666667,3.75,4.5833333333,1.9166666667,Train
482,10440101296,3.8333333333,3.75,4.0,4.1666666667,3.25,Train
483,10460290240,4.0833333333,4.0,4.5,4.75,1.0,Train
484,10440099166,3.5,4.3333333333,4.5,4.4166666667,1.6666666667,Train
485,10440098811,4.1666666667,3.3333333333,4.3333333333,5.0,2.75,Train
486,10446154302,4.5,3.3333333333,4.0833333333,4.9166666667,2.1666666667,Train
487,10460262378,3.3333333333,2.3333333333,2.9166666667,2.8333333333,4.0,Train
488,10449239249,3.8333333333,4.6666666667,3.8333333333,4.6666666667,1.1666666667,Train
489,10459906207,4.8333333333,4.5,4.5833333333,5.0,1.5,Train
490,10459966362,3.5,4.0,3.75,4.8333333333,1.75,Train
491,10460178742,4.0,4.6666666667,3.75,5.0,1.4166666667,Train
492,10459953170,4.25,3.5833333333,4.1666666667,4.3333333333,2.0,Train
493,10462907494,2.6666666667,4.5,4.5833333333,3.5833333333,2.8333333333,Train
494,10459819828,3.4166666667,3.75,3.9166666667,4.5,2.75,Train
495,10459700395,3.3333333333,4.4166666667,3.5,4.6666666667,2.25,Train
496,10459664586,4.0833333333,4.25,4.6666666667,4.8333333333,1.5,Train
497,10459890313,3.25,4.5833333333,4.5,4.6666666667,2.8333333333,Train
498,10459714941,3.1666666667,3.25,2.9166666667,4.0833333333,2.8333333333,Train
499,10460033559,3.25,3.6666666667,3.5,4.3333333333,2.0833333333,Train
500,10446109378,3.75,3.5833333333,4.0,4.5833333333,1.75,Train
501,10462888401,1.6666666667,4.75,3.8333333333,3.1666666667,3.5,Train
502,10459870809,4.4166666667,4.5,4.3333333333,5.0,1.5,Train
503,10462912672,3.5,4.1666666667,4.0833333333,4.5833333333,2.6666666667,Train
504,10459675679,3.6666666667,3.75,4.0,4.1666666667,1.75,Train
505,10446111699,2.8333333333,4.75,4.4166666667,4.8333333333,1.6666666667,Train
506,10440115019,4.0,4.3333333333,3.5833333333,4.5833333333,1.6666666667,Train
507,10459702897,2.0,5.0,2.0,4.8333333333,1.1666666667,Train
508,10459771824,2.9166666667,4.9166666667,4.75,5.0,2.0,Train
509,10459768411,3.6666666667,3.4166666667,3.4166666667,3.75,2.5833333333,Train
510,10459677465,3.25,3.5,3.6666666667,4.8333333333,3.3333333333,Train
511,10459971275,4.0833333333,4.8333333333,4.9166666667,4.1666666667,2.25,Train
512,10440138690,3.25,2.8333333333,3.8333333333,3.5833333333,3.4166666667,Train
513,10459780319,2.5833333333,4.8333333333,2.75,4.5833333333,2.5833333333,Train
514,10440097985,4.5,4.5,3.8333333333,5.0,1.4166666667,Train
515,10449316524,2.6666666667,3.25,3.75,2.9166666667,3.1666666667,Train
516,10459662208,2.5,3.75,3.75,3.8333333333,2.9166666667,Train
517,10460005029,3.6666666667,4.25,3.0833333333,4.5,1.3333333333,Train
518,10462972245,4.75,4.0,5.0,5.0,2.1666666667,Train
519,10440115982,4.0833333333,4.75,4.5833333333,4.75,1.1666666667,Train
520,10440099033,3.5,5.0,5.0,5.0,1.0,Train
521,10440107456,2.1666666667,4.9166666667,3.5,3.5833333333,2.8333333333,Train
522,10440107983,2.9166666667,4.3333333333,4.1666666667,4.9166666667,1.4166666667,Train
523,10459829278,3.9166666667,4.5,4.4166666667,5.0,1.4166666667,Train
524,10460123102,3.5833333333,3.0833333333,3.1666666667,3.75,2.5,Train
525,10440147632,4.6666666667,4.75,4.4166666667,5.0,1.3333333333,Train
526,10462903376,4.0833333333,4.6666666667,4.25,4.9166666667,1.0833333333,Train
527,10459659591,1.8333333333,3.9166666667,3.5,4.1666666667,3.25,Train
528,10459707080,4.0833333333,4.4166666667,4.5833333333,4.5833333333,1.3333333333,Train
529,10446110127,2.9166666667,3.5833333333,3.5,4.3333333333,3.0833333333,Train
530,10459725427,3.8333333333,3.5,3.5,3.8333333333,1.9166666667,Train
531,10440112243,4.0,4.0833333333,4.25,5.0,1.5,Train
532,10459878603,3.0,2.9166666667,3.3333333333,2.9166666667,3.5,Train
533,10440099389,4.5833333333,3.8333333333,3.3333333333,3.75,1.8333333333,Train
534,10459930191,3.6666666667,4.3333333333,3.5833333333,4.9166666667,1.75,Train
535,10462865194,4.1666666667,4.1666666667,3.0,4.3333333333,2.0,Train
536,10460472840,1.5,4.4166666667,3.0,3.5,2.9166666667,Train
537,10462868795,3.6666666667,3.8333333333,4.8333333333,5.0,1.1666666667,Train
538,10459657824,1.25,3.75,2.3333333333,3.9166666667,3.3333333333,Train
539,10459838931,3.5,4.5833333333,4.1666666667,4.6666666667,2.3333333333,Train
540,10446115026,3.5,4.5833333333,4.8333333333,3.5,1.1666666667,Train
541,10459876927,2.6666666667,4.0,3.5833333333,4.8333333333,2.5,Train
542,10440134266,3.1666666667,4.0833333333,3.0,3.75,2.1666666667,Train
543,10459941019,4.5833333333,4.75,3.8333333333,4.6666666667,1.0,Train
544,10446111727,4.1666666667,4.75,5.0,4.8333333333,1.4166666667,Train
545,10462855666,3.5,3.1666666667,3.25,5.0,1.1666666667,Train
546,10459706813,3.3333333333,4.5,4.5,5.0,2.0,Train
547,10459699913,3.4166666667,4.0,3.0833333333,3.8333333333,1.8333333333,Train
548,10440104000,1.4166666667,4.5833333333,1.6666666667,3.9166666667,2.5833333333,Train
549,10459661860,3.8333333333,4.0833333333,3.4166666667,4.6666666667,1.75,Train
550,10459895224,3.75,4.5833333333,3.5,4.75,1.5,Train
551,10460044064,3.6666666667,3.75,4.8333333333,4.5833333333,2.0833333333,Train
552,10463010478,3.75,4.1666666667,4.3333333333,5.0,1.25,Train
553,10446115241,2.5,3.5,3.5833333333,4.25,2.25,Train
554,10459840740,3.5,4.0833333333,3.75,4.75,2.6666666667,Train
555,10462908023,3.0833333333,4.0833333333,2.5,4.8333333333,2.1666666667,Train
556,10460101068,3.25,4.0833333333,3.0,4.75,1.9166666667,Train
557,10440102451,4.3333333333,4.5833333333,4.75,4.6666666667,1.6666666667,Train
558,10459877123,3.8333333333,4.25,3.8333333333,3.25,2.0,Train
559,10459725987,4.1666666667,4.5,5.0,5.0,1.75,Train
560,10462973379,2.3333333333,3.1666666667,3.75,4.5,1.6666666667,Train
561,10462904992,3.6666666667,3.5833333333,3.1666666667,5.0,1.75,Train
562,10459659341,2.9166666667,4.0,3.5833333333,4.8333333333,3.1666666667,Train
563,10459726696,3.6666666667,4.1666666667,3.3333333333,4.75,1.8333333333,Train
564,10459714558,4.5833333333,4.6666666667,3.9166666667,5.0,1.0,Train
565,10446150078,3.0,4.0833333333,2.8333333333,3.9166666667,2.0,Train
566,10440105387,3.4166666667,3.5833333333,4.6666666667,4.4166666667,2.1666666667,Train
567,10440188099,4.6666666667,5.0,5.0,5.0,1.0,Train
568,10459857935,3.25,4.6666666667,4.5,4.75,1.4166666667,Train
569,10460062322,4.75,4.3333333333,5.0,5.0,1.0,Train
570,10459731128,3.75,4.6666666667,4.3333333333,4.5833333333,1.6666666667,Train
571,10440109547,3.4166666667,4.3333333333,4.5833333333,3.6666666667,2.6666666667,Train
572,10459774196,4.25,4.75,5.0,4.9166666667,1.3333333333,Train
573,10462967427,3.25,3.75,3.0833333333,5.0,1.6666666667,Train
574,10440141283,3.1666666667,3.9166666667,3.5,3.6666666667,2.1666666667,Train
575,10459744181,4.3333333333,3.75,4.25,4.4166666667,1.8333333333,Train
576,10440206991,4.4166666667,3.9166666667,3.5833333333,5.0,1.75,Train
577,10459873862,3.6666666667,1.8333333333,2.8333333333,3.9166666667,2.4166666667,Train
578,10440196513,3.5,4.0833333333,4.0,4.25,2.4166666667,Train
579,10446112238,4.1666666667,4.8333333333,4.25,4.5,1.1666666667,Train
580,10462877035,2.25,4.3333333333,2.9166666667,3.4166666667,3.25,Train
581,10440129206,3.25,4.3333333333,3.5,4.75,1.4166666667,Train
582,10459748106,2.8333333333,3.25,3.1666666667,4.0,2.25,Train
583,10459656741,2.3333333333,3.6666666667,3.9166666667,4.6666666667,1.8333333333,Train
584,10460055933,3.5,3.9166666667,4.25,4.0,2.6666666667,Train
585,10459893715,3.4166666667,4.6666666667,4.0,4.25,2.3333333333,Train
586,10440099063,3.25,4.4166666667,4.0833333333,4.5833333333,2.25,Train
587,10462848815,4.0,4.6666666667,4.75,4.5833333333,2.5833333333,Train
588,10460101913,3.6666666667,4.5,4.5,4.8333333333,1.6666666667,Train
589,10440100137,1.9166666667,5.0,4.5833333333,5.0,2.5,Train
590,10459680753,3.3333333333,4.5,4.0,4.1666666667,2.5,Train
591,10446110934,3.75,3.5,2.6666666667,3.1666666667,1.5,Train
592,10446126564,3.1666666667,4.1666666667,4.3333333333,3.9166666667,2.6666666667,Train
593,10462838956,2.9166666667,4.75,4.75,4.8333333333,2.0833333333,Train
594,10459683154,3.0,4.25,4.4166666667,4.5,1.9166666667,Train
595,10459949168,3.6666666667,4.1666666667,3.0833333333,5.0,1.6666666667,Train
596,10459893176,2.8333333333,3.0833333333,4.0,4.5833333333,1.6666666667,Train
597,10460048418,4.1666666667,4.0,2.5,4.1666666667,3.0,Train
598,10440176559,4.0833333333,4.8333333333,4.5,4.6666666667,1.0833333333,Train
599,10459725626,4.4166666667,4.4166666667,4.3333333333,4.8333333333,1.5833333333,Train
600,10460148489,3.8333333333,4.0,4.8333333333,4.0833333333,1.6666666667,Train
601,10440105141,4.8333333333,4.3333333333,5.0,5.0,1.1666666667,Train
602,10440102994,2.8333333333,2.6666666667,1.3333333333,4.3333333333,1.5,Train
603,10440118621,3.75,4.5,4.25,4.5833333333,1.3333333333,Train
604,10459749464,3.8333333333,4.0833333333,4.0,4.0,1.6666666667,Train
605,10459656383,3.25,4.6666666667,3.5833333333,5.0,1.0,Train
606,10446112030,2.4166666667,4.1666666667,3.0,2.5,3.0,Train
607,10460254266,4.25,4.25,3.9166666667,5.0,1.3333333333,Train
608,10459729994,2.4166666667,3.75,2.75,4.5,3.25,Train
609,10459867605,2.1666666667,3.3333333333,3.4166666667,3.6666666667,3.4166666667,Train
610,10459663157,3.5833333333,5.0,3.75,5.0,1.0,Train
611,10440100324,3.75,3.3333333333,3.6666666667,5.0,2.0833333333,Train
612,10459659137,3.3333333333,4.3333333333,4.0833333333,4.0833333333,1.5,Train
613,10460101806,3.0,3.0833333333,2.9166666667,2.75,2.75,Train
614,10459660204,3.0833333333,3.8333333333,3.3333333333,4.6666666667,3.1666666667,Train
615,10446111847,4.5833333333,2.9166666667,3.75,4.6666666667,1.25,Train
616,10460100641,4.6666666667,4.75,4.6666666667,4.75,1.0833333333,Train
617,10459657371,3.0833333333,3.4166666667,2.6666666667,4.9166666667,1.9166666667,Train
618,10459852909,4.5833333333,4.0,3.75,4.5,1.4166666667,Train
619,10459908033,4.25,4.5833333333,4.0,4.4166666667,1.6666666667,Train
620,10432504831,3.5,2.5,3.5,3.1666666667,3.1666666667,Train
621,10460185697,3.8333333333,3.25,4.5833333333,5.0,2.5833333333,Train
622,10459901824,3.4166666667,3.9166666667,3.5,2.8333333333,2.4166666667,Train
623,10459846218,3.4166666667,4.5833333333,4.4166666667,5.0,2.0833333333,Train
624,10440110504,4.75,3.0833333333,4.3333333333,4.9166666667,1.5833333333,Train
625,10460285715,3.4166666667,2.8333333333,2.5,3.4166666667,2.8333333333,Train
626,10440106569,5.0,1.3333333333,4.6666666667,4.6666666667,1.0,Train
627,10462992143,3.3333333333,4.1666666667,3.8333333333,4.0,2.1666666667,Train
628,10459741379,1.8333333333,4.4166666667,1.8333333333,5.0,2.25,Train
629,10440127442,4.6666666667,4.75,4.25,4.8333333333,1.4166666667,Train
630,10440100381,3.9166666667,4.75,3.8333333333,4.9166666667,1.0833333333,Train
631,10440211206,3.5833333333,3.5833333333,4.75,4.6666666667,3.4166666667,Train
632,10459661972,3.9166666667,3.8333333333,4.0833333333,4.75,1.4166666667,Train
633,10460129841,3.4166666667,4.5833333333,4.0,2.8333333333,2.9166666667,Train
634,10459964030,2.25,3.6666666667,4.9166666667,3.5,4.1666666667,Train
635,10446122218,3.5,4.6666666667,4.0,4.6666666667,2.0,Train
636,10440107222,2.3333333333,4.3333333333,4.1666666667,4.0833333333,2.4166666667,Train
637,10459983319,1.9166666667,3.9166666667,2.9166666667,4.4166666667,3.6666666667,Train
638,10446112575,3.5833333333,4.0833333333,4.0,4.9166666667,1.5833333333,Train
639,10460021436,4.5,2.8333333333,4.3333333333,4.75,1.3333333333,Train
640,10446111841,3.8333333333,2.25,4.25,4.8333333333,1.5,Train
641,10440098305,3.8333333333,3.9166666667,4.4166666667,4.3333333333,2.0833333333,Train
642,10459705133,2.3333333333,4.5833333333,2.8333333333,4.5,1.8333333333,Train
643,10459814170,3.3333333333,4.25,2.9166666667,3.0833333333,2.8333333333,Train
644,10440104884,3.6666666667,4.0,3.75,4.5,1.5,Train
645,10440101410,3.0833333333,3.1666666667,3.1666666667,4.9166666667,1.0833333333,Train
646,10462930978,4.5833333333,4.1666666667,3.8333333333,4.75,1.75,Train
647,10459697317,1.8333333333,4.4166666667,3.6666666667,4.1666666667,1.25,Train
648,10440098894,4.3333333333,4.6666666667,4.5833333333,4.6666666667,1.3333333333,Train
649,10440138067,3.9166666667,4.75,4.25,4.9166666667,2.0,Train
650,10459761762,3.4166666667,4.1666666667,4.0,4.6666666667,2.0,Train
651,10459665929,4.25,4.0,3.9166666667,4.1666666667,1.6666666667,Train
652,10441715279,4.8333333333,4.25,4.3333333333,5.0,1.25,Train
653,10460396049,2.4166666667,3.6666666667,4.0,4.0833333333,2.75,Train
654,10446148374,3.8333333333,4.0833333333,3.9166666667,4.0833333333,2.25,Train
655,10459730984,3.9166666667,3.6666666667,3.0833333333,4.5,2.9166666667,Train
656,10440106027,3.9166666667,3.75,3.4166666667,3.25,2.5,Train
657,10440102625,3.5833333333,3.9166666667,3.75,3.6666666667,2.0833333333,Train
658,10454262591,3.4166666667,4.5833333333,3.6666666667,5.0,1.1666666667,Train
659,10459966884,4.1666666667,4.8333333333,4.4166666667,3.8333333333,1.4166666667,Train
660,10446118432,3.6666666667,4.5833333333,4.6666666667,4.6666666667,1.75,Train
661,10459816872,4.4166666667,4.5,3.5833333333,4.0833333333,1.25,Train
662,10432532568,3.8333333333,4.5,4.3333333333,5.0,1.75,Train
663,10459657630,2.3333333333,3.3333333333,4.1666666667,4.0,2.4166666667,Train
664,10440098516,3.5833333333,4.0833333333,3.5,4.1666666667,2.8333333333,Train
665,10440152393,2.0833333333,4.1666666667,2.25,4.6666666667,2.5,Train
666,10440097008,3.0833333333,4.1666666667,3.4166666667,3.5,1.5833333333,Train
667,10440103232,4.25,4.25,5.0,5.0,1.0833333333,Train
668,10460339146,3.3333333333,3.8333333333,3.6666666667,4.5,2.0,Train
669,10446128011,3.5,4.3333333333,3.6666666667,4.6666666667,2.3333333333,Train
670,10459685669,3.5833333333,4.4166666667,4.3333333333,4.5,2.8333333333,Train
671,10440099731,2.3333333333,4.6666666667,4.0833333333,5.0,2.25,Train
672,10460007731,4.5,4.0833333333,4.8333333333,4.3333333333,2.5833333333,Train
673,10459979648,4.0,4.9166666667,4.6666666667,4.75,1.6666666667,Train
674,10440102184,3.5833333333,5.0,4.3333333333,4.25,1.0833333333,Train
675,10459842420,2.9166666667,4.3333333333,3.8333333333,5.0,1.5833333333,Train
676,10462899259,2.6666666667,3.5,2.8333333333,3.3333333333,2.6666666667,Train
677,10440101366,4.25,4.5,4.4166666667,4.5,1.75,Train
678,10459815587,2.75,4.5833333333,2.8333333333,4.3333333333,1.75,Train
679,10440105759,4.0,4.0833333333,4.3333333333,4.5,2.25,Train
680,10459754498,2.6666666667,3.5833333333,3.9166666667,4.6666666667,1.8333333333,Train
681,10462908080,3.75,4.8333333333,4.0833333333,5.0,1.25,Train
682,10462839015,3.6666666667,4.3333333333,4.8333333333,3.5833333333,1.75,Train
683,10440106097,3.8333333333,4.0,2.8333333333,4.5,2.6666666667,Train
684,10440103476,1.6666666667,4.4166666667,3.5,4.75,3.3333333333,Train
685,10440121659,2.1666666667,4.0,2.9166666667,3.3333333333,2.25,Train
686,10459680677,4.5,5.0,4.9166666667,4.9166666667,1.5,Train
687,10440107565,3.75,3.6666666667,3.6666666667,4.75,1.6666666667,Train
688,10440101783,3.6666666667,3.5833333333,3.9166666667,4.8333333333,2.25,Train
689,10459994325,4.25,4.5,4.4166666667,4.75,1.8333333333,Train
690,10460306106,3.75,4.5,4.25,3.4166666667,2.8333333333,Train
691,10459787425,2.0,3.5,2.5833333333,4.1666666667,3.3333333333,Train
692,10440126392,3.5,3.9166666667,3.6666666667,4.6666666667,2.0,Train
693,10440099622,4.5833333333,4.4166666667,3.0,4.9166666667,1.75,Train
694,10460417119,3.4166666667,3.6666666667,3.3333333333,4.8333333333,1.5833333333,Train
695,10462894298,3.0,2.75,4.9166666667,4.5,2.8333333333,Train
696,10460411500,3.1666666667,4.25,3.75,4.0,2.5833333333,Train
697,10446148794,3.75,4.0833333333,3.75,4.0833333333,2.1666666667,Train
698,10459705168,2.5833333333,4.0833333333,2.6666666667,4.6666666667,1.5,Train
699,10440097370,2.75,4.1666666667,3.4166666667,4.8333333333,1.6666666667,Train
700,10446113704,3.8333333333,4.0,4.5833333333,3.5833333333,1.5833333333,Train
701,10440236157,3.25,3.5833333333,4.5833333333,3.0,3.0,Train
702,10459783061,3.0833333333,3.8333333333,4.25,4.5,1.75,Train
703,10446116762,3.3333333333,4.0,3.5833333333,3.5833333333,2.25,Train
704,10459882710,3.0833333333,4.25,3.75,4.3333333333,1.5,Train
705,10446121206,3.5833333333,3.0833333333,3.25,3.9166666667,2.4166666667,Train
706,10459770141,3.8333333333,4.8333333333,3.9166666667,4.6666666667,2.0,Train
707,10459765843,3.25,3.8333333333,4.5,2.9166666667,2.6666666667,Train
708,10459710368,4.0833333333,4.0833333333,3.5833333333,4.0,1.6666666667,Train
709,10459754658,3.0833333333,5.0,5.0,4.4166666667,2.1666666667,Train
710,10459701029,3.5,3.5833333333,4.0833333333,3.5,3.4166666667,Train
711,10459871551,3.8333333333,4.5,4.4166666667,5.0,3.9166666667,Train
712,10459727388,2.3333333333,3.1666666667,2.0833333333,3.75,3.8333333333,Train
713,10459868149,4.5833333333,4.5,4.0,3.75,2.1666666667,Train
714,10459695689,3.4166666667,4.6666666667,4.0833333333,4.6666666667,2.3333333333,Train
715,10440168336,4.3333333333,4.4166666667,3.5833333333,4.5833333333,1.3333333333,Train
716,10459681734,4.4166666667,4.5833333333,4.6666666667,5.0,1.4166666667,Train
717,10459680469,2.3333333333,4.9166666667,4.0,4.3333333333,4.0833333333,Train
718,10462959574,2.9166666667,3.5833333333,3.5833333333,3.4166666667,2.1666666667,Train
719,10440163578,4.1666666667,3.75,4.6666666667,4.25,1.5,Train
720,10459843044,3.4166666667,2.8333333333,2.9166666667,4.1666666667,2.8333333333,Train
721,10462917164,3.5833333333,3.6666666667,4.1666666667,4.5833333333,2.25,Train
722,10459713238,3.0833333333,4.1666666667,3.75,4.6666666667,1.25,Train
723,10440103294,3.0,4.5,2.1666666667,4.5833333333,1.75,Train
724,10459655082,4.25,5.0,4.75,4.9166666667,1.0833333333,Train
725,10459699925,3.0,4.8333333333,3.3333333333,4.25,2.1666666667,Train
726,10459822714,3.9166666667,3.5833333333,3.75,3.3333333333,2.6666666667,Train
727,10440098203,4.0833333333,4.6666666667,4.5,4.3333333333,1.1666666667,Train
728,10440174517,4.25,4.25,4.9166666667,4.5833333333,1.0833333333,Train
729,10459798330,2.3333333333,4.4166666667,2.0,4.9166666667,1.4166666667,Train
730,10440104803,3.25,4.1666666667,3.0833333333,4.3333333333,2.0833333333,Train
731,10440166813,2.9166666667,3.6666666667,3.75,4.5,1.6666666667,Train
732,10449651673,3.8333333333,4.5,3.1666666667,4.9166666667,1.75,Train
733,10462857148,3.0833333333,4.5833333333,2.25,3.9166666667,2.5833333333,Train
734,10440166068,4.3333333333,4.8333333333,4.25,4.8333333333,1.5833333333,Train
735,10446113091,2.75,4.4166666667,4.3333333333,4.6666666667,1.6666666667,Train
736,10462919467,3.75,3.9166666667,3.1666666667,3.9166666667,2.4166666667,Train
737,10459660294,4.6666666667,2.3333333333,2.9166666667,4.6666666667,1.3333333333,Train
738,10459766071,3.25,3.5833333333,3.0833333333,3.25,2.5833333333,Train
739,10440097257,3.3333333333,3.9166666667,4.0,3.8333333333,2.3333333333,Train
740,10459991653,2.4166666667,3.5,5.0,4.6666666667,2.9166666667,Train
741,10459904901,3.0,3.9166666667,3.75,4.25,2.9166666667,Train
742,10462893427,3.6666666667,4.4166666667,3.8333333333,4.6666666667,1.4166666667,Train
743,10459726668,3.75,3.5,3.1666666667,3.0833333333,2.5,Train
744,10459706438,2.5833333333,4.25,3.8333333333,5.0,2.0833333333,Train
745,10446114088,4.0,3.6666666667,3.5,4.0833333333,3.75,Train
746,10432470791,3.9166666667,4.25,4.8333333333,4.8333333333,1.5,Train
747,10440102562,4.1666666667,4.75,4.0,4.1666666667,1.5833333333,Train
748,10440113969,3.1666666667,4.0,3.4166666667,4.3333333333,1.9166666667,Train
749,10459659536,2.6666666667,3.3333333333,3.1666666667,2.75,3.3333333333,Train
750,10459761746,3.4166666667,4.3333333333,2.5,3.8333333333,1.75,Train
751,10459659684,4.4166666667,4.6666666667,4.6666666667,4.5,1.25,Train
752,10440101785,4.1666666667,3.25,4.0,4.9166666667,1.5833333333,Train
753,10460225552,3.9166666667,4.4166666667,4.9166666667,5.0,1.0,Train
754,10459861630,3.6666666667,3.8333333333,4.6666666667,4.75,2.3333333333,Train
755,10459735952,4.1666666667,5.0,4.6666666667,5.0,1.0,Train
756,10459993049,3.0833333333,3.75,4.1666666667,3.6666666667,3.1666666667,Train
757,10459780686,3.75,4.6666666667,4.6666666667,4.1666666667,1.5833333333,Train
758,10459937761,4.6666666667,4.1666666667,4.9166666667,4.75,2.5,Train
759,10459926810,1.4166666667,2.75,3.0,3.4166666667,3.9166666667,Train
760,10440120206,2.3333333333,5.0,2.3333333333,5.0,1.6666666667,Train
761,10440097245,3.4166666667,4.4166666667,4.8333333333,5.0,2.6666666667,Train
762,10440105052,4.3333333333,5.0,4.4166666667,4.75,1.4166666667,Train
763,10459957134,3.75,4.9166666667,3.9166666667,4.5833333333,1.1666666667,Train
764,10460179550,3.0833333333,3.9166666667,3.5,3.5,3.1666666667,Train
765,10459725122,3.8333333333,4.25,4.1666666667,4.5,2.1666666667,Train
766,10459715593,2.5,3.75,3.0,4.1666666667,3.1666666667,Train
767,10440141294,4.1666666667,4.4166666667,4.25,4.9166666667,1.3333333333,Train
768,10440137173,2.5,2.75,1.8333333333,2.9166666667,3.9166666667,Train
769,10459725496,2.4166666667,1.4166666667,1.75,2.9166666667,3.5,Train
770,10446109427,4.75,4.8333333333,5.0,5.0,1.0,Train
771,10459688679,3.8333333333,4.1666666667,3.9166666667,4.3333333333,1.75,Train
772,10459933228,4.3333333333,4.5833333333,3.9166666667,4.8333333333,1.5,Train
773,10440115384,3.0833333333,4.9166666667,4.75,4.9166666667,1.4166666667,Train
774,10462915909,3.4166666667,2.5833333333,3.9166666667,4.0,3.4166666667,Train
775,10446112651,3.9166666667,4.1666666667,3.6666666667,4.5833333333,2.0,Train
776,10440115353,4.1666666667,4.4166666667,4.4166666667,4.6666666667,1.6666666667,Train
777,10440108832,3.25,4.5,4.25,5.0,1.0,Train
778,10459669049,2.9166666667,4.9166666667,3.6666666667,4.9166666667,1.0,Train
779,10459694743,5.0,5.0,4.25,5.0,1.0,Train
780,10459680752,2.5833333333,4.4166666667,4.3333333333,3.25,1.9166666667,Train
781,10440160947,3.75,4.0833333333,3.4166666667,4.5833333333,1.4166666667,Train
782,10462865682,3.5833333333,4.4166666667,5.0,4.8333333333,2.1666666667,Train
783,10440101223,2.6666666667,3.0,3.25,4.6666666667,1.9166666667,Train
784,10460020843,3.75,4.0,4.9166666667,4.5833333333,1.6666666667,Train
785,10459930456,4.6666666667,5.0,5.0,5.0,1.3333333333,Train
786,10462878706,4.0833333333,4.8333333333,4.1666666667,5.0,1.5833333333,Train
787,10459853725,3.3333333333,4.3333333333,3.8333333333,4.75,1.6666666667,Train
788,10440111224,3.5,3.5833333333,3.1666666667,4.3333333333,1.5833333333,Train
789,10459688906,2.4166666667,4.1666666667,4.4166666667,4.1666666667,2.1666666667,Train
790,10459904818,4.5833333333,4.0833333333,4.75,5.0,1.3333333333,Train
791,10459710595,3.5,3.9166666667,4.0,4.3333333333,2.0,Train
792,10460386471,4.0833333333,4.1666666667,3.8333333333,4.75,1.9166666667,Train
793,10462866873,3.0833333333,4.1666666667,2.3333333333,4.75,2.0833333333,Train
794,10440099432,3.0,4.1666666667,3.0,5.0,1.0833333333,Train
795,10459868383,3.25,3.75,3.4166666667,4.6666666667,1.25,Train
796,10440104964,3.0,4.25,3.1666666667,4.5833333333,2.25,Train
797,10440113244,3.25,3.6666666667,4.5,3.3333333333,1.5833333333,Train
798,10440119946,3.0833333333,4.6666666667,4.5,5.0,1.9166666667,Train
799,10459986767,3.9166666667,4.75,4.25,4.5833333333,1.3333333333,Train
800,10462937661,3.0,3.6666666667,4.0833333333,4.1666666667,2.8333333333,Train
801,10459779475,4.5,4.5833333333,4.5,5.0,1.4166666667,Train
802,10459755699,3.9166666667,4.9166666667,4.3333333333,3.9166666667,1.5833333333,Train
803,10459685470,2.75,3.5,2.5833333333,4.8333333333,1.9166666667,Train
804,10462913440,3.9166666667,3.1666666667,3.5,3.75,2.0833333333,Train
805,10440097728,4.0833333333,3.75,3.0833333333,4.9166666667,1.25,Train
806,10440100440,4.5833333333,4.8333333333,5.0,5.0,1.8333333333,Train
807,10462851231,1.3333333333,3.75,2.6666666667,4.3333333333,4.6666666667,Train
808,10440101813,3.0,3.5833333333,4.25,2.8333333333,2.9166666667,Train
809,10462972879,3.8333333333,3.75,3.0,4.5,2.1666666667,Train
810,10440124766,4.3333333333,5.0,4.8333333333,4.5833333333,1.1666666667,Train
811,10446133226,3.0833333333,2.9166666667,3.0,3.8333333333,2.8333333333,Train
812,10462899658,2.4166666667,4.1666666667,2.6666666667,4.3333333333,1.8333333333,Train
813,10446111926,3.25,3.0,4.3333333333,3.5,2.5,Train
814,10460252809,3.0833333333,2.9166666667,2.9166666667,3.5833333333,2.75,Train
815,10440098787,5.0,5.0,5.0,5.0,1.0833333333,Train
816,10462855723,2.9166666667,3.5,4.25,4.5,1.5833333333,Train
817,10459700074,3.1666666667,3.75,3.4166666667,3.8333333333,2.9166666667,Train
818,10440109218,2.4166666667,4.3333333333,4.0833333333,4.5,2.1666666667,Train
819,10460083578,3.5,4.3333333333,4.0,3.5,2.5833333333,Train
820,10459977915,4.4166666667,4.25,3.75,4.8333333333,1.0833333333,Train
821,10459876203,2.5,3.75,3.6666666667,2.8333333333,2.75,Train
822,10459709548,2.5,3.4166666667,3.75,3.8333333333,3.1666666667,Train
823,10459660935,4.25,4.75,4.5833333333,4.8333333333,1.5,Train
824,10459870375,2.8333333333,3.0833333333,4.0833333333,4.5,2.25,Train
825,10459732468,4.8333333333,4.9166666667,4.75,4.5833333333,1.25,Train
826,10459849784,3.9166666667,4.4166666667,3.9166666667,4.4166666667,1.4166666667,Train
827,10460395044,3.8333333333,3.25,3.75,4.0,2.25,Train
828,10454180598,4.3333333333,4.9166666667,3.25,5.0,1.0833333333,Train
829,10440100314,3.4166666667,2.9166666667,2.8333333333,5.0,2.0,Train
830,10446120922,4.4166666667,4.75,4.5,5.0,1.25,Train
831,10459857297,2.9166666667,4.9166666667,3.9166666667,5.0,1.4166666667,Train
832,10441702769,2.8333333333,4.5833333333,3.4166666667,4.6666666667,1.75,Train
833,10440103986,3.0,3.75,3.6666666667,3.0,2.8333333333,Train
834,10459716172,4.5,4.75,4.6666666667,4.9166666667,1.1666666667,Train
835,10459750881,3.5833333333,3.5833333333,3.1666666667,4.5833333333,1.6666666667,Train
836,10459708263,4.3333333333,4.8333333333,4.9166666667,4.8333333333,1.25,Train
837,10459906988,3.75,4.0,3.8333333333,3.6666666667,2.5,Train
838,10446124849,3.0833333333,5.0,3.3333333333,4.75,1.3333333333,Train
839,10460089413,2.8333333333,4.5,3.5,5.0,1.5833333333,Train
840,10440097232,4.8333333333,4.5833333333,4.6666666667,5.0,1.0,Train
841,10459720402,3.6666666667,4.5833333333,4.5,4.4166666667,2.0,Train
842,10441723369,4.1666666667,4.5,4.1666666667,4.3333333333,1.4166666667,Train
843,10440105626,3.8333333333,3.5833333333,3.25,3.25,2.6666666667,Train
844,10446111098,2.25,3.8333333333,3.25,3.1666666667,3.9166666667,Train
845,10460189173,4.0,4.1666666667,4.0,4.1666666667,2.5,Train
846,10456196465,3.5833333333,4.9166666667,4.1666666667,5.0,1.3333333333,Train
847,10459856564,2.0,3.0833333333,3.75,4.3333333333,4.4166666667,Train
848,10440107863,2.5833333333,4.3333333333,4.0833333333,4.0,3.3333333333,Train
849,10459734468,4.5,3.6666666667,5.0,4.8333333333,1.25,Train
850,10459701982,4.0,5.0,3.0,5.0,1.0,Train
851,10460017983,3.5,3.3333333333,3.8333333333,4.4166666667,1.4166666667,Train
852,10459772565,4.0,4.3333333333,3.6666666667,3.9166666667,2.0833333333,Train
853,10446126381,2.8333333333,4.25,4.4166666667,4.75,1.5,Train
854,10459964435,2.5,4.0833333333,4.0833333333,4.4166666667,2.5833333333,Train
855,10459706651,4.0833333333,2.9166666667,3.4166666667,4.9166666667,1.8333333333,Train
856,10462931351,4.0833333333,4.0,4.0833333333,4.6666666667,2.0,Train
857,10459688877,4.6666666667,4.0,4.25,5.0,1.0833333333,Train
858,10462904253,3.5,4.4166666667,4.5833333333,5.0,1.75,Train
859,10460086465,3.6666666667,4.9166666667,3.5833333333,5.0,1.1666666667,Train
860,10459733784,2.1666666667,3.3333333333,2.4166666667,2.75,2.5,Train
861,10459660487,3.9166666667,4.6666666667,4.25,5.0,1.6666666667,Train
862,10446116818,2.6666666667,3.9166666667,2.6666666667,3.75,2.75,Train
863,10459889413,3.9166666667,4.8333333333,4.5,4.9166666667,1.5,Train
864,10459820075,4.6666666667,3.9166666667,3.0,4.6666666667,1.1666666667,Train
865,10441703218,3.6666666667,5.0,4.75,5.0,1.0,Train
866,10440100611,4.4166666667,3.4166666667,3.6666666667,4.5833333333,1.3333333333,Train
867,10459726123,3.75,3.9166666667,3.5833333333,4.0,1.6666666667,Train
868,10459715426,3.0833333333,4.1666666667,3.3333333333,3.8333333333,1.5833333333,Train
869,10440103704,2.25,3.0833333333,2.25,4.0,3.1666666667,Train
870,10440165759,3.0,3.4166666667,2.5833333333,3.3333333333,3.0833333333,Train
871,10459813195,3.4166666667,4.3333333333,3.9166666667,3.25,2.6666666667,Train
872,10459690483,3.5833333333,3.8333333333,4.0,4.0,2.1666666667,Train
873,10459893452,3.0,3.75,4.0833333333,5.0,3.0,Train
874,10440200955,3.8333333333,3.9166666667,4.0833333333,4.4166666667,1.8333333333,Train
875,10460094425,3.75,3.5833333333,3.6666666667,4.1666666667,2.1666666667,Train
876,10459879340,3.1666666667,3.4166666667,3.3333333333,3.75,3.1666666667,Train
877,10440112269,4.25,4.1666666667,3.5833333333,4.8333333333,1.1666666667,Train
878,10459973699,2.75,4.4166666667,3.8333333333,4.6666666667,2.8333333333,Train
879,10446109728,4.0,5.0,4.75,4.8333333333,1.3333333333,Train
880,10460000441,3.5,3.3333333333,3.0,3.8333333333,2.0833333333,Train
881,10462860420,3.75,3.75,2.9166666667,4.4166666667,2.0,Train
882,10459749454,2.0833333333,4.0833333333,3.0833333333,4.5833333333,1.9166666667,Train
883,10441716543,4.0,4.0833333333,2.4166666667,4.75,1.9166666667,Train
884,10459724674,3.0,4.5833333333,4.0,4.25,1.5833333333,Train
885,10462882702,3.3333333333,3.9166666667,3.25,4.8333333333,2.5833333333,Train
886,10462926214,4.6666666667,4.5833333333,3.5,5.0,1.0833333333,Train
887,10446110300,3.5833333333,3.75,3.9166666667,3.1666666667,2.75,Train
888,10446119867,3.25,3.5,3.9166666667,4.4166666667,1.5,Train
889,10459670201,3.5,3.5833333333,3.9166666667,4.4166666667,1.8333333333,Train
890,10446122570,3.6666666667,4.4166666667,4.25,4.9166666667,3.0,Train
891,10462855526,2.0833333333,4.3333333333,3.25,5.0,3.6666666667,Train
892,10462847805,2.5833333333,3.9166666667,2.25,4.0,3.4166666667,Train
893,10460094699,2.3333333333,4.5833333333,4.6666666667,4.8333333333,2.8333333333,Train
894,10459689005,3.4166666667,3.4166666667,3.25,3.4166666667,2.6666666667,Train
895,10459870218,2.9166666667,4.5,4.0,4.3333333333,2.3333333333,Train
896,10459715078,2.0,3.9166666667,2.8333333333,4.0833333333,2.1666666667,Train
897,10459748762,4.4166666667,4.6666666667,4.9166666667,4.5833333333,1.5,Train
898,10440152060,2.9166666667,1.9166666667,4.5,3.3333333333,3.0833333333,Train
899,10462862905,1.5833333333,4.0833333333,3.5,2.9166666667,2.5833333333,Train
900,10446109890,3.75,4.3333333333,5.0,5.0,2.0833333333,Train
901,10460020936,2.75,4.25,3.0833333333,4.6666666667,1.5833333333,Train
902,10459904813,3.1666666667,4.3333333333,3.75,4.9166666667,1.3333333333,Train
903,10459716225,4.0833333333,4.3333333333,4.25,5.0,1.6666666667,Train
904,10440100333,3.5,3.9166666667,3.5,4.3333333333,1.4166666667,Train
905,10440121428,4.25,4.1666666667,4.1666666667,4.5,1.25,Train
906,10459743121,4.25,3.75,3.25,4.6666666667,3.1666666667,Train
907,10459875867,3.5833333333,3.8333333333,4.0833333333,4.1666666667,2.5833333333,Train
908,10446112456,4.3333333333,4.8333333333,5.0,4.9166666667,1.25,Train
909,10459775244,2.6666666667,3.3333333333,4.0833333333,3.0833333333,2.5,Train
910,10459936157,4.0833333333,4.5,4.6666666667,4.5833333333,2.0833333333,Train
911,10446117329,2.8333333333,4.8333333333,4.9166666667,3.9166666667,1.8333333333,Train
912,10460406820,4.0833333333,4.75,4.5,3.5833333333,3.0833333333,Train
913,10460171782,2.75,3.5,2.8333333333,4.3333333333,2.8333333333,Train
914,10440125357,4.1666666667,3.6666666667,4.5833333333,4.4166666667,1.6666666667,Train
915,10459710197,4.0,4.9166666667,3.6666666667,4.8333333333,1.4166666667,Train
916,10459822877,1.8333333333,4.0833333333,3.8333333333,3.4166666667,2.9166666667,Train
917,10462901768,4.8333333333,5.0,4.9166666667,5.0,1.3333333333,Train
918,10459680740,3.4166666667,4.0833333333,3.5833333333,4.1666666667,2.25,Train
919,10446115882,3.5833333333,4.9166666667,4.3333333333,4.6666666667,1.3333333333,Train
920,10459729751,3.5,4.4166666667,3.75,4.6666666667,1.1666666667,Train
921,10460217757,2.0833333333,3.8333333333,3.5,4.4166666667,3.3333333333,Train
922,10440097342,3.9166666667,3.8333333333,4.25,4.75,2.1666666667,Train
923,10460084317,1.4166666667,4.6666666667,3.6666666667,4.25,3.0,Train
924,10440148055,4.75,3.3333333333,4.9166666667,5.0,1.9166666667,Train
925,10440122844,2.0,3.5,4.4166666667,2.9166666667,4.0833333333,Train
926,10459704390,3.4166666667,4.6666666667,3.5833333333,4.75,1.1666666667,Train
927,10440100674,3.4166666667,4.3333333333,3.8333333333,4.0,3.0833333333,Train
928,10462838373,3.75,3.9166666667,4.5833333333,4.5833333333,2.3333333333,Train
929,10459833815,2.4166666667,4.9166666667,2.8333333333,4.4166666667,1.5833333333,Train
930,10440109354,3.0,4.0833333333,2.0,5.0,1.6666666667,Train
931,10460112041,2.6666666667,3.4166666667,4.75,4.1666666667,3.0,Train
932,10459697058,2.9166666667,3.8333333333,3.8333333333,4.0,2.6666666667,Train
933,10459941552,4.3333333333,4.8333333333,3.8333333333,4.4166666667,2.0,Train
934,10440097888,3.1666666667,3.6666666667,3.25,4.5,2.0833333333,Train
935,10446111215,4.3333333333,3.75,3.6666666667,3.4166666667,2.0833333333,Train
936,10459681876,1.8333333333,4.0833333333,3.6666666667,4.75,2.6666666667,Train
937,10440109831,4.8333333333,4.3333333333,4.75,4.9166666667,1.4166666667,Train
938,10459901581,4.5833333333,5.0,4.75,4.9166666667,1.4166666667,Train
939,10440103856,3.25,4.4166666667,3.5833333333,4.5,1.6666666667,Train
940,10459764565,1.4166666667,3.0833333333,2.8333333333,3.5,4.0,Train
941,10462857626,3.8333333333,4.75,3.3333333333,4.9166666667,1.0833333333,Train
942,10459665035,3.0833333333,4.0833333333,3.8333333333,4.3333333333,2.1666666667,Train
943,10459654561,4.0,4.4166666667,4.4166666667,4.6666666667,1.75,Train
944,10459693031,1.75,4.8333333333,3.6666666667,3.9166666667,3.25,Train
945,10440102915,4.5,4.5833333333,4.4166666667,5.0,1.0833333333,Train
946,10462855684,3.8333333333,5.0,4.3333333333,5.0,1.0833333333,Train
947,10440169201,3.5,4.6666666667,3.4166666667,4.25,3.5833333333,Train
948,10440115044,4.75,5.0,5.0,4.9166666667,1.0,Train
949,10462918519,4.25,4.6666666667,4.8333333333,4.8333333333,1.8333333333,Train
950,10459781429,3.9166666667,4.4166666667,4.3333333333,4.9166666667,2.0,Train
951,10459745204,3.6666666667,3.1666666667,3.5,4.4166666667,1.6666666667,Train
952,10462848588,3.25,4.1666666667,3.4166666667,3.3333333333,2.5,Train
953,10459658529,3.4166666667,4.9166666667,4.5,4.75,1.25,Train
954,10462867662,2.9166666667,2.8333333333,3.0833333333,3.0,2.8333333333,Train
955,10462871511,4.0,3.9166666667,4.0833333333,4.0833333333,2.0,Train
956,10459763544,2.25,2.25,2.0,3.1666666667,3.6666666667,Train
957,10459658008,3.6666666667,3.4166666667,3.4166666667,2.9166666667,2.6666666667,Train
958,10440120254,2.8333333333,3.3333333333,2.75,2.5,3.4166666667,Train
959,10459974003,4.1666666667,4.9166666667,4.25,5.0,1.25,Train
960,10459760110,3.8333333333,4.25,4.25,4.0833333333,2.6666666667,Train
961,10459671550,4.0833333333,4.5,5.0,4.6666666667,1.4166666667,Train
962,10440098533,3.8333333333,3.8333333333,4.0,4.1666666667,2.1666666667,Train
963,10459682829,4.9166666667,5.0,4.8333333333,5.0,1.0,Train
964,10462882575,2.8333333333,3.75,3.6666666667,3.4166666667,2.5,Train
965,10459903392,3.5,4.4166666667,3.5,4.5833333333,1.8333333333,Train
966,10459655886,3.3333333333,3.5,2.3333333333,5.0,1.4166666667,Train
967,10459942638,3.4166666667,4.25,3.25,4.5833333333,1.9166666667,Train
968,10462885434,4.8333333333,5.0,4.6666666667,5.0,1.0,Train
969,10440110921,3.4166666667,4.3333333333,4.25,4.6666666667,2.5833333333,Train
970,10446113755,3.4166666667,3.5833333333,3.4166666667,4.0833333333,2.5833333333,Train
971,10459667093,3.75,3.8333333333,2.8333333333,2.25,2.5833333333,Train
972,10459923067,4.5,5.0,4.5,5.0,1.3333333333,Train
973,10440130701,4.9166666667,5.0,5.0,5.0,1.0,Train
974,10459903954,2.4166666667,3.9166666667,2.9166666667,4.8333333333,2.5833333333,Train
975,10462937820,3.0833333333,4.0833333333,3.75,4.1666666667,3.25,Train
976,10460265525,2.8333333333,3.3333333333,3.8333333333,3.5833333333,2.6666666667,Train
977,10446113380,3.8333333333,4.25,3.3333333333,5.0,2.5,Train
978,10459907788,4.0833333333,3.0,2.4166666667,3.8333333333,4.1666666667,Train
979,10440104130,4.3333333333,4.4166666667,4.8333333333,4.75,1.5833333333,Train
980,10459976158,3.1666666667,4.6666666667,4.5,3.5833333333,1.4166666667,Train
981,10459757341,3.1666666667,4.3333333333,3.4166666667,5.0,4.25,Train
982,10446141486,2.75,3.1666666667,4.9166666667,4.25,2.75,Train
983,10459662289,4.25,3.4166666667,3.8333333333,4.75,1.6666666667,Train
984,10460330724,3.25,4.25,3.5,5.0,1.5,Train
985,10462970465,4.3333333333,4.6666666667,5.0,4.5833333333,2.25,Train
986,10440125409,3.1666666667,3.5833333333,2.8333333333,4.0833333333,2.3333333333,Train
987,10440107699,2.5,3.75,4.75,4.0,3.5,Train
988,10446111598,3.3333333333,3.3333333333,3.1666666667,3.5,2.5833333333,Train
989,10460037472,4.3333333333,4.9166666667,4.0833333333,5.0,1.5,Train
990,10440107866,2.0833333333,3.6666666667,2.3333333333,4.0833333333,3.5,Train
991,10440101691,2.5833333333,4.4166666667,3.75,4.6666666667,2.5,Train
992,10446110156,5.0,5.0,5.0,5.0,1.0,Train
993,10440111830,3.8333333333,4.8333333333,4.0,5.0,1.4166666667,Train
994,10440114243,4.4166666667,5.0,4.9166666667,5.0,1.0,Train
995,10440097469,4.25,3.25,4.0833333333,4.9166666667,1.9166666667,Train
996,10440110712,4.0,3.75,4.3333333333,4.5833333333,1.5,Train
997,10440121123,4.25,3.3333333333,4.25,3.9166666667,2.5833333333,Train
998,10440110772,3.0833333333,4.5833333333,3.9166666667,5.0,2.25,Train
999,10459796841,4.6666666667,2.8333333333,2.6666666667,4.5833333333,3.0833333333,Train
1000,10459659659,2.3333333333,3.5,4.0833333333,4.25,3.4166666667,Train
1001,10459768487,5.0,5.0,5.0,5.0,1.0,Train
1002,10460080030,4.9166666667,4.8333333333,4.1666666667,5.0,1.1666666667,Train
1003,10459803549,2.75,3.5833333333,3.3333333333,4.0,2.3333333333,Train
1004,10440097208,3.0833333333,3.6666666667,3.5833333333,3.9166666667,2.9166666667,Train
1005,10440262957,3.0,3.5,3.3333333333,4.75,1.9166666667,Train
1006,10459717963,2.5833333333,4.0833333333,3.9166666667,3.3333333333,3.0,Train
1007,10462982503,2.8333333333,4.0833333333,4.0833333333,4.6666666667,2.8333333333,Train
1008,10459721006,2.8333333333,4.0,3.0833333333,4.25,2.0,Train
1009,10459736282,3.3333333333,3.4166666667,3.75,4.0833333333,2.0833333333,Train
1010,10459938231,2.5833333333,4.5833333333,1.9166666667,3.9166666667,2.0,Train
1011,10433331323,4.0,3.6666666667,4.4166666667,3.9166666667,2.1666666667,Train
1012,10459762812,3.0,3.5,2.9166666667,3.5,2.6666666667,Train
1013,10440103775,3.6666666667,4.5833333333,3.3333333333,4.5,1.9166666667,Train
1014,10459953492,3.9166666667,4.3333333333,3.9166666667,4.8333333333,1.6666666667,Train
1015,10462925950,3.0833333333,4.3333333333,3.5833333333,3.6666666667,2.3333333333,Train
1016,10440103341,4.6666666667,5.0,4.8333333333,5.0,1.0833333333,Train
1017,10460006412,2.9166666667,4.0833333333,3.0,4.1666666667,3.0,Train
1018,10440097365,3.9166666667,4.4166666667,4.4166666667,4.5,2.0,Train
1019,10440111920,3.25,4.0833333333,3.8333333333,4.0833333333,2.8333333333,Train
1020,10442437308,3.1666666667,3.0,3.1666666667,3.8333333333,3.0,Train
1021,10460095738,4.1666666667,4.6666666667,4.3333333333,4.75,1.1666666667,Train
1022,10459763730,3.5833333333,3.8333333333,4.5833333333,4.6666666667,3.5,Train
1023,10440099557,4.25,4.5,3.0,3.8333333333,1.8333333333,Train
1024,10446114374,2.75,4.25,4.1666666667,4.5833333333,1.6666666667,Train
1025,10462855323,4.9166666667,4.6666666667,4.1666666667,4.9166666667,1.25,Train
1026,10459720711,2.5,2.9166666667,3.1666666667,3.8333333333,2.25,Train
1027,10462960863,3.1666666667,4.1666666667,4.8333333333,4.0833333333,2.5,Train
1028,10440110395,4.4166666667,4.75,4.25,4.8333333333,1.1666666667,Train
1029,10446160761,2.5,3.6666666667,2.0,4.9166666667,3.9166666667,Train
1030,10462936789,3.75,4.3333333333,3.0833333333,5.0,1.75,Train
1031,10440118945,3.8333333333,3.3333333333,3.5833333333,4.0,2.0833333333,Train
1032,10459659528,2.8333333333,3.1666666667,3.1666666667,3.0,3.1666666667,Train
1033,10459951300,3.9166666667,5.0,3.75,5.0,1.0,Train
1034,10440100545,4.3333333333,4.25,4.5833333333,4.8333333333,1.5833333333,Train
1035,10440098807,3.6666666667,4.6666666667,3.9166666667,4.1666666667,2.3333333333,Train
1036,10440112266,2.0833333333,4.0,4.9166666667,5.0,1.6666666667,Train
1037,10459715439,2.4166666667,4.0,4.25,4.5,2.3333333333,Train
1038,10446111205,4.1666666667,4.5,4.0,5.0,1.0833333333,Train
1039,10459820097,2.9166666667,4.9166666667,4.3333333333,3.8333333333,1.0833333333,Train
1040,10459935707,3.9166666667,3.9166666667,4.1666666667,4.5833333333,1.4166666667,Train
1041,10446121617,4.4166666667,4.9166666667,4.3333333333,5.0,1.1666666667,Train
1042,10459687204,4.4166666667,4.75,4.5,4.4166666667,1.75,Train
1043,10460022522,3.5,4.6666666667,4.25,4.8333333333,1.75,Train
1044,10459798326,3.9166666667,4.75,3.8333333333,5.0,1.3333333333,Train
1045,10462917225,1.9166666667,3.9166666667,2.5,3.6666666667,3.4166666667,Train
1046,10440168984,2.8333333333,3.9166666667,3.9166666667,4.9166666667,2.75,Train
1047,10440118289,3.25,4.0,4.25,3.8333333333,2.1666666667,Train
1048,10440131083,3.8333333333,4.0833333333,4.0,4.5833333333,1.0833333333,Train
1049,10446121880,3.3333333333,5.0,4.0,5.0,1.25,Train
1050,10459934170,2.8333333333,3.1666666667,4.0,4.6666666667,4.4166666667,Train
1051,10440106404,3.8333333333,4.75,4.6666666667,4.8333333333,1.0,Train
1052,10462894281,4.0,4.3333333333,4.0833333333,4.8333333333,1.5,Train
1053,10440097620,3.5,3.9166666667,4.0,4.5833333333,2.3333333333,Train
1054,10460416705,4.9166666667,4.9166666667,4.9166666667,5.0,1.0,Train
1055,10459659793,2.6666666667,3.8333333333,1.9166666667,4.4166666667,2.4166666667,Train
1056,10459892980,3.0833333333,3.75,4.1666666667,3.25,2.25,Train
1057,10459691985,3.6666666667,2.9166666667,3.0833333333,4.5,3.5,Train
1058,10459684706,4.0,4.8333333333,4.1666666667,5.0,2.1666666667,Train
1059,10440108302,4.5833333333,5.0,5.0,5.0,1.0,Train
1060,10462956792,4.75,5.0,5.0,5.0,1.0,Train
1061,10440167497,4.1666666667,3.4166666667,4.25,5.0,2.4166666667,Train
1062,10463063277,3.8333333333,4.5833333333,4.8333333333,4.6666666667,2.0833333333,Train
1063,10459665001,3.25,3.6666666667,4.1666666667,4.9166666667,2.0833333333,Train
1064,10459712508,3.8333333333,3.8333333333,2.8333333333,4.4166666667,2.5833333333,Train
1065,10459739058,4.0,4.5833333333,4.5833333333,4.3333333333,1.5,Train
1066,10460130933,2.4166666667,3.4166666667,3.4166666667,3.8333333333,3.1666666667,Train
1067,10459742043,4.9166666667,4.8333333333,4.5,5.0,1.6666666667,Train
1068,10440122752,5.0,4.75,4.6666666667,5.0,1.0833333333,Train
1069,10459756672,4.5833333333,4.1666666667,5.0,5.0,1.3333333333,Train
1070,10460122888,4.3333333333,4.6666666667,4.8333333333,5.0,1.25,Train
1071,10460025121,2.8333333333,3.6666666667,3.75,3.6666666667,2.5,Train
1072,10459701971,4.6666666667,4.6666666667,4.4166666667,5.0,1.25,Train
1073,10440123758,3.75,4.5833333333,4.8333333333,5.0,1.1666666667,Train
1074,10462836290,2.5,4.5833333333,4.5,4.1666666667,2.5833333333,Train
1075,10440103117,3.1666666667,3.0833333333,2.8333333333,3.25,2.8333333333,Train
1076,10446114983,3.0833333333,2.9166666667,2.9166666667,3.0833333333,3.1666666667,Train
1077,10459815960,4.4166666667,4.1666666667,3.5,5.0,1.9166666667,Train
1078,10459980286,4.0833333333,4.8333333333,4.25,5.0,1.25,Train
1079,10440098499,2.5,3.75,3.0,4.0833333333,2.0833333333,Train
1080,10440169865,4.3333333333,4.4166666667,4.5,4.75,2.0,Train
1081,10440130668,3.4166666667,4.6666666667,4.5,4.0833333333,1.3333333333,Train
1082,10459907870,3.4166666667,3.25,3.5,4.8333333333,2.75,Train
1083,10459662418,2.5,4.25,4.25,2.25,4.3333333333,Train
1084,10440108945,3.0,2.8333333333,2.9166666667,3.5,3.0833333333,Train
1085,10459998084,3.8333333333,3.0833333333,4.9166666667,5.0,1.75,Train
1086,10463035379,4.5,3.8333333333,3.4166666667,4.8333333333,1.0,Train
1087,10459788032,2.75,2.9166666667,3.4166666667,3.3333333333,3.6666666667,Train
